pos_module,pos_cluster,sig,id_module,size_module,pos_module,proteins,annotated_proteins,id_cluster,size_cluster,pos_cluster,pos_genus,precision_genus,pos_family,precision_family,pos_order,precision_order
0,33,28.798193621825554,MD_0000,320,0,6533.0,6709.0,CC_0033,43,33,18.0,0.2222222222222222,12.0,1.0,0.0,1.0
1,394,9.757816947849571,MD_0001,313,1,2047.0,2166.0,CC_0394,6,394,175.0,1.0,17.0,1.0,0.0,1.0
2,6,27.339164858352994,MD_0002,276,2,4055.0,4168.0,CC_0006,11,6,119.0,1.0,12.0,1.0,0.0,1.0
3,7,21.697803180214613,MD_0003,255,3,8396.0,8578.0,CC_0007,62,7,234.0,0.34210526315789475,12.0,1.0,0.0,1.0
6,218,47.61749258304198,MD_0006,244,6,4786.0,4824.0,CC_0218,19,218,41.0,1.0,12.0,1.0,0.0,1.0
7,66,28.153621240419817,MD_0007,233,7,3993.0,4118.0,CC_0066,19,66,116.0,0.6111111111111112,12.0,1.0,0.0,1.0
8,29,50.0498565619708,MD_0008,219,8,6295.0,6423.0,CC_0029,50,29,,0.0,12.0,0.9743589743589743,0.0,1.0
10,109,52.43398264309086,MD_0010,213,10,4183.0,4287.0,CC_0109,21,109,45.0,0.5,0.0,1.0,0.0,1.0
11,257,24.659902186957474,MD_0011,213,11,2153.0,2266.0,CC_0257,10,257,79.0,0.6666666666666666,12.0,1.0,0.0,1.0
13,33,8.846591968499663,MD_0013,201,13,1955.0,1974.0,CC_0033,43,33,18.0,0.2222222222222222,12.0,1.0,0.0,1.0
15,186,25.711884772922176,MD_0015,181,15,3090.0,3122.0,CC_0186,18,186,164.0,1.0,12.0,1.0,0.0,1.0
16,24,6.895685568536534,MD_0016,180,16,1623.0,1697.0,CC_0024,16,24,66.0,0.38461538461538464,12.0,1.0,0.0,1.0
17,278,33.98529115488293,MD_0017,176,17,2380.0,2487.0,CC_0278,15,278,235.0,1.0,17.0,1.0,0.0,1.0
18,7,48.97589332571788,MD_0018,170,18,5429.0,5492.0,CC_0007,62,7,234.0,0.34210526315789475,12.0,1.0,0.0,1.0
21,16,38.32558664561342,MD_0021,161,21,4503.0,4542.0,CC_0016,42,16,53.0,1.0,17.0,1.0,0.0,1.0
22,8,4.378654707444259,MD_0022,159,22,713.0,721.0,CC_0008,15,8,192.0,1.0,12.0,1.0,0.0,1.0
23,61,52.43398264309086,MD_0023,158,23,3759.0,3836.0,CC_0061,21,61,58.0,1.0,17.0,1.0,0.0,1.0
24,5,12.633787209639516,MD_0024,148,24,989.0,1034.0,CC_0005,7,5,209.0,0.8571428571428571,12.0,1.0,0.0,1.0
25,139,40.22173790793444,MD_0025,141,25,2396.0,2451.0,CC_0139,16,139,85.0,0.75,12.0,1.0,0.0,1.0
26,15,19.172586137615887,MD_0026,141,26,1398.0,1433.0,CC_0015,8,15,153.0,1.0,12.0,1.0,0.0,1.0
30,29,8.355275288616214,MD_0030,131,30,1617.0,1638.0,CC_0029,50,29,,0.0,12.0,0.9743589743589743,0.0,1.0
31,2,107.3705149218685,MD_0031,122,31,3795.0,3877.0,CC_0002,46,2,125.0,1.0,17.0,1.0,0.0,1.0
37,169,3.0935839844707154,MD_0037,112,37,720.0,747.0,CC_0169,6,169,123.0,1.0,12.0,1.0,0.0,1.0
40,63,6.470463175134826,MD_0040,107,40,1595.0,1640.0,CC_0063,19,63,242.0,1.0,17.0,1.0,0.0,1.0
42,60,40.52476523122617,MD_0042,107,42,3168.0,3176.0,CC_0060,35,60,171.0,0.6551724137931034,17.0,1.0,0.0,1.0
44,299,6.337696099765353,MD_0044,105,44,702.0,713.0,CC_0299,6,299,176.0,1.0,15.0,1.0,0.0,1.0
46,7,7.662987827458718,MD_0046,101,46,2746.0,2762.0,CC_0007,62,7,234.0,0.34210526315789475,12.0,1.0,0.0,1.0
50,4,2.3154327340870715,MD_0050,97,50,358.0,359.0,CC_0004,10,4,207.0,1.0,12.0,1.0,0.0,1.0
53,273,32.58710304881281,MD_0053,94,53,1484.0,1498.0,CC_0273,13,273,168.0,1.0,12.0,1.0,0.0,1.0
63,168,21.93916420994355,MD_0063,79,63,1155.0,1231.0,CC_0168,9,168,56.0,1.0,17.0,1.0,0.0,1.0
65,100,22.8403582514156,MD_0065,77,65,1301.0,1346.0,CC_0100,12,100,91.0,0.5833333333333334,15.0,1.0,0.0,1.0
69,58,4.394613980134698,MD_0069,75,69,264.0,274.0,CC_0058,3,58,63.0,1.0,12.0,1.0,0.0,1.0
71,18,44.464171171214474,MD_0071,73,71,2091.0,2142.0,CC_0018,38,18,125.0,1.0,17.0,1.0,0.0,1.0
74,1,17.541865417788067,MD_0074,68,74,1750.0,1771.0,CC_0001,28,1,125.0,1.0,17.0,1.0,0.0,1.0
76,176,16.354772953789627,MD_0076,67,76,739.0,757.0,CC_0176,7,176,,0.0,,0.0,,0.0
77,144,38.991288986556164,MD_0077,65,77,1157.0,1211.0,CC_0144,17,144,110.0,0.75,17.0,0.9333333333333333,0.0,1.0
79,301,37.70561587229931,MD_0079,65,79,811.0,829.0,CC_0301,15,301,219.0,1.0,17.0,1.0,0.0,1.0
80,24,4.253715970835962,MD_0080,65,80,249.0,249.0,CC_0024,16,24,66.0,0.38461538461538464,12.0,1.0,0.0,1.0
87,143,45.17625235762555,MD_0087,60,87,1282.0,1329.0,CC_0143,18,143,70.0,1.0,17.0,1.0,0.0,1.0
98,52,27.339164858352994,MD_0098,55,98,933.0,943.0,CC_0052,11,52,180.0,1.0,15.0,1.0,0.0,1.0
102,45,133.292282910742,MD_0102,52,102,2614.0,2673.0,CC_0045,59,45,162.0,1.0,17.0,1.0,0.0,1.0
104,288,23.618509501799252,MD_0104,52,104,552.0,564.0,CC_0288,11,288,202.0,1.0,16.0,1.0,1.0,1.0
106,54,24.659902186957474,MD_0106,51,106,644.0,651.0,CC_0054,10,54,104.0,1.0,17.0,1.0,0.0,1.0
108,289,21.659468109478155,MD_0108,50,108,650.0,659.0,CC_0289,14,289,226.0,1.0,15.0,1.0,0.0,1.0
117,197,5.191568064087116,MD_0117,46,117,641.0,653.0,CC_0197,10,197,,0.0,,0.0,,0.0
119,72,24.75546413877555,MD_0119,46,119,960.0,989.0,CC_0072,29,72,159.0,1.0,12.0,1.0,0.0,1.0
120,28,33.98529115488293,MD_0120,46,120,702.0,738.0,CC_0028,15,28,146.0,0.5,15.0,1.0,0.0,1.0
128,30,72.98548076309547,MD_0128,42,128,1661.0,1749.0,CC_0030,58,30,120.0,0.6666666666666666,15.0,1.0,0.0,1.0
132,87,11.15666595491985,MD_0132,41,132,406.0,419.0,CC_0087,10,87,89.0,1.0,15.0,1.0,0.0,1.0
140,232,16.354772953789627,MD_0140,38,140,263.0,267.0,CC_0232,7,232,42.0,1.0,17.0,1.0,0.0,1.0
145,321,4.394613980134698,MD_0145,36,145,111.0,111.0,CC_0321,3,321,,0.0,17.0,1.0,0.0,1.0
150,295,21.93916420994355,MD_0150,35,150,360.0,374.0,CC_0295,9,295,169.0,0.6666666666666666,17.0,1.0,0.0,1.0
154,14,20.712802102402286,MD_0154,33,154,542.0,551.0,CC_0014,37,14,177.0,1.0,17.0,1.0,0.0,1.0
167,669,4.394613980134698,MD_0167,30,167,94.0,95.0,CC_0669,3,669,14.0,1.0,1.0,1.0,,0.0
179,257,2.3154327340870715,MD_0179,26,179,79.0,79.0,CC_0257,10,257,79.0,0.6666666666666666,12.0,1.0,0.0,1.0
183,29,16.766830780743888,MD_0183,24,183,285.0,298.0,CC_0029,50,29,,0.0,12.0,0.9743589743589743,0.0,1.0
184,106,4.394613980134698,MD_0184,24,184,91.0,92.0,CC_0106,3,106,,0.0,15.0,1.0,0.0,1.0
195,25,3.3946139801346966,MD_0195,22,195,68.0,68.0,CC_0025,5,25,64.0,0.6,12.0,1.0,0.0,1.0
202,222,13.836259013911745,MD_0202,20,202,189.0,196.0,CC_0222,11,222,,0.0,12.0,1.0,0.0,1.0
204,30,26.318864129622867,MD_0204,19,204,426.0,449.0,CC_0030,58,30,120.0,0.6666666666666666,15.0,1.0,0.0,1.0
205,374,19.172586137615887,MD_0205,19,205,188.0,188.0,CC_0374,8,374,160.0,1.0,15.0,1.0,0.0,1.0
207,219,2.3154327340870715,MD_0207,19,207,207.0,208.0,CC_0219,10,219,,0.0,,0.0,,0.0
224,138,25.44707025566251,MD_0224,17,224,217.0,225.0,CC_0138,13,138,,0.0,,0.0,,0.0
231,349,4.394613980134698,MD_0231,17,231,60.0,60.0,CC_0349,3,349,,0.0,17.0,0.6666666666666666,0.0,1.0
233,200,20.01884472301083,MD_0233,16,233,279.0,282.0,CC_0200,18,200,,0.0,,0.0,,0.0
243,207,8.787780171227014,MD_0243,15,243,197.0,200.0,CC_0207,8,207,,0.0,,0.0,,0.0
249,4,5.191568064087116,MD_0249,15,249,65.0,65.0,CC_0004,10,4,207.0,1.0,12.0,1.0,0.0,1.0
293,146,4.394613980134698,MD_0293,11,293,35.0,35.0,CC_0146,3,146,,0.0,12.0,1.0,0.0,1.0
294,283,12.546224402549226,MD_0294,11,294,122.0,125.0,CC_0283,15,283,,0.0,,0.0,,0.0
298,274,3.792553988806736,MD_0298,11,298,33.0,33.0,CC_0274,4,274,65.0,1.0,12.0,1.0,0.0,1.0
301,157,4.394613980134698,MD_0301,11,301,34.0,34.0,CC_0157,3,157,,0.0,,0.0,,0.0
302,257,2.3154327340870715,MD_0302,10,302,53.0,55.0,CC_0257,10,257,79.0,0.6666666666666666,12.0,1.0,0.0,1.0
310,127,12.528972024941561,MD_0310,10,310,182.0,195.0,CC_0127,23,127,,0.0,15.0,1.0,0.0,1.0
317,684,4.394613980134698,MD_0317,10,317,30.0,30.0,CC_0684,3,684,,0.0,8.0,1.0,,0.0
318,578,4.394613980134698,MD_0318,10,318,30.0,30.0,CC_0578,3,578,118.0,1.0,15.0,1.0,0.0,1.0
338,138,26.52865196962575,MD_0338,8,338,152.0,156.0,CC_0138,13,138,,0.0,,0.0,,0.0
338,154,5.248710662000121,MD_0338,8,338,152.0,156.0,CC_0154,13,154,,0.0,,0.0,,0.0
362,312,4.394613980134698,MD_0362,7,362,94.0,95.0,CC_0312,3,312,,0.0,17.0,1.0,0.0,1.0
363,113,14.410529641044393,MD_0363,7,363,161.0,198.0,CC_0113,13,113,,0.0,,0.0,,0.0
364,121,1.7138061807167722,MD_0364,7,364,136.0,140.0,CC_0121,4,121,,0.0,,0.0,,0.0
372,131,9.779481167838009,MD_0372,7,372,91.0,92.0,CC_0131,6,131,148.0,1.0,12.0,0.3333333333333333,0.0,1.0
372,210,6.280950076028587,MD_0372,7,372,91.0,92.0,CC_0210,6,210,140.0,1.0,12.0,1.0,0.0,1.0
386,551,4.394613980134698,MD_0386,7,386,21.0,21.0,CC_0551,3,551,,0.0,,0.0,,0.0
391,16,14.079158954433359,MD_0391,6,391,84.0,85.0,CC_0016,42,16,53.0,1.0,17.0,1.0,0.0,1.0
395,79,19.905802190974846,MD_0395,6,395,164.0,174.0,CC_0079,22,79,,0.0,15.0,1.0,0.0,1.0
396,158,3.5555390175893464,MD_0396,6,396,106.0,111.0,CC_0158,5,158,,0.0,,0.0,,0.0
396,239,4.253715970837394,MD_0396,6,396,106.0,111.0,CC_0239,4,239,,0.0,,0.0,,0.0
397,69,4.798345003377676,MD_0397,6,397,104.0,113.0,CC_0069,9,69,216.0,1.0,17.0,1.0,0.0,1.0
397,96,11.588980139232516,MD_0397,6,397,104.0,113.0,CC_0096,14,96,215.0,1.0,17.0,1.0,0.0,1.0
420,628,4.394613980134698,MD_0420,6,420,18.0,18.0,CC_0628,3,628,100.0,1.0,8.0,1.0,,0.0
423,525,4.394613980134698,MD_0423,6,423,18.0,18.0,CC_0525,3,525,,0.0,,0.0,,0.0
444,198,4.969983503964153,MD_0444,5,444,65.0,70.0,CC_0198,5,198,,0.0,12.0,1.0,0.0,1.0
444,312,2.646425953129711,MD_0444,5,444,65.0,70.0,CC_0312,3,312,,0.0,17.0,1.0,0.0,1.0
455,24,4.253715970835962,MD_0455,5,455,23.0,23.0,CC_0024,16,24,66.0,0.38461538461538464,12.0,1.0,0.0,1.0
473,587,3.7925539888050075,MD_0473,5,473,24.0,24.0,CC_0587,3,587,,0.0,,0.0,,0.0
481,161,3.792553988806736,MD_0481,5,481,16.0,17.0,CC_0161,4,161,,0.0,12.0,1.0,0.0,1.0
482,115,3.3946139801346966,MD_0482,5,482,19.0,20.0,CC_0115,5,115,151.0,0.6,17.0,1.0,0.0,1.0
483,321,4.394613980134698,MD_0483,5,483,17.0,17.0,CC_0321,3,321,,0.0,17.0,1.0,0.0,1.0
509,29,14.6482354155181,MD_0509,4,509,39.0,47.0,CC_0029,50,29,,0.0,12.0,0.9743589743589743,0.0,1.0
510,169,9.757816947849571,MD_0510,4,510,19.0,23.0,CC_0169,6,169,123.0,1.0,12.0,1.0,0.0,1.0
511,271,3.680411611263647,MD_0511,4,511,115.0,115.0,CC_0271,5,271,,0.0,,0.0,,0.0
514,176,2.850545935784421,MD_0514,4,514,42.0,45.0,CC_0176,7,176,,0.0,,0.0,,0.0
515,32,13.482111843721265,MD_0515,4,515,64.0,64.0,CC_0032,8,32,195.0,0.42857142857142855,17.0,1.0,0.0,1.0
515,261,1.1463954189426664,MD_0515,4,515,64.0,64.0,CC_0261,3,261,252.0,1.0,17.0,1.0,0.0,1.0
515,338,1.1463954189426664,MD_0515,4,515,64.0,64.0,CC_0338,3,338,,0.0,,0.0,,0.0
517,71,3.9254035904431532,MD_0517,4,517,84.0,84.0,CC_0071,4,71,,0.0,,0.0,,0.0
517,385,1.4082902030833466,MD_0517,4,517,84.0,84.0,CC_0385,3,385,,0.0,,0.0,,0.0
519,65,1.5502589024183262,MD_0519,4,519,50.0,51.0,CC_0065,7,65,,0.0,17.0,0.6,0.0,1.0
519,322,3.093583984469314,MD_0519,4,519,50.0,51.0,CC_0322,3,322,178.0,1.0,17.0,1.0,0.0,1.0
527,26,1.103596320465635,MD_0527,4,527,57.0,59.0,CC_0026,8,26,,0.0,,0.0,,0.0
538,324,4.394613980134698,MD_0538,4,538,13.0,13.0,CC_0324,3,324,,0.0,,0.0,,0.0
561,391,3.792553988806736,MD_0561,4,561,23.0,23.0,CC_0391,4,391,,0.0,,0.0,,0.0
571,156,4.394613980134698,MD_0571,4,571,12.0,12.0,CC_0156,3,156,,0.0,17.0,1.0,0.0,1.0
572,4,2.3154327340870715,MD_0572,4,572,13.0,13.0,CC_0004,10,4,207.0,1.0,12.0,1.0,0.0,1.0
580,595,4.394613980134698,MD_0580,4,580,13.0,13.0,CC_0595,3,595,,0.0,,0.0,,0.0
587,25,3.3946139801346966,MD_0587,4,587,12.0,12.0,CC_0025,5,25,64.0,0.6,12.0,1.0,0.0,1.0
590,4,2.3154327340870715,MD_0590,4,590,13.0,13.0,CC_0004,10,4,207.0,1.0,12.0,1.0,0.0,1.0
591,11,3.792553988806736,MD_0591,4,591,13.0,13.0,CC_0011,4,11,80.0,1.0,12.0,1.0,0.0,1.0
592,11,3.792553988806736,MD_0592,4,592,13.0,13.0,CC_0011,4,11,80.0,1.0,12.0,1.0,0.0,1.0
594,312,4.394613980134698,MD_0594,4,594,12.0,12.0,CC_0312,3,312,,0.0,17.0,1.0,0.0,1.0
595,192,3.7925539888050075,MD_0595,4,595,12.0,12.0,CC_0192,3,192,,0.0,,0.0,,0.0
596,192,4.394613980134698,MD_0596,4,596,12.0,12.0,CC_0192,3,192,,0.0,,0.0,,0.0
602,448,3.0935839844707154,MD_0602,4,602,12.0,12.0,CC_0448,6,448,,0.0,12.0,1.0,,0.0
604,44,45.98737203219017,MD_0604,3,604,195.0,200.0,CC_0044,37,44,,0.0,,0.0,,0.0
610,123,14.648235415519865,MD_0610,3,610,135.0,142.0,CC_0123,10,123,,0.0,,0.0,,0.0
610,145,2.893880411525073,MD_0610,3,610,135.0,142.0,CC_0145,7,145,,0.0,,0.0,,0.0
610,166,4.209886432925849,MD_0610,3,610,135.0,142.0,CC_0166,5,166,,0.0,,0.0,,0.0
612,29,4.362838428532919,MD_0612,3,612,42.0,42.0,CC_0029,50,29,,0.0,12.0,0.9743589743589743,0.0,1.0
619,15,15.451682966797682,MD_0619,3,619,17.0,20.0,CC_0015,8,15,153.0,1.0,12.0,1.0,0.0,1.0
624,99,1.6470450942744286,MD_0624,3,624,34.0,63.0,CC_0099,5,99,,0.0,,0.0,,0.0
624,145,1.1035963204674575,MD_0624,3,624,34.0,63.0,CC_0145,7,145,,0.0,,0.0,,0.0
628,23,8.116723336156554,MD_0628,3,628,57.0,63.0,CC_0023,6,23,,0.0,12.0,1.0,0.0,1.0
628,158,5.717874329087918,MD_0628,3,628,57.0,63.0,CC_0158,5,158,,0.0,,0.0,,0.0
634,27,7.513787358821034,MD_0634,3,634,13.0,13.0,CC_0027,4,27,60.0,1.0,17.0,1.0,0.0,1.0
639,24,4.253715970835962,MD_0639,3,639,15.0,15.0,CC_0024,16,24,66.0,0.38461538461538464,12.0,1.0,0.0,1.0
647,4,2.3154327340870715,MD_0647,3,647,10.0,10.0,CC_0004,10,4,207.0,1.0,12.0,1.0,0.0,1.0
666,444,19.172586137615887,MD_0666,3,666,20.0,20.0,CC_0444,8,444,7.0,0.5,11.0,1.0,,0.0
667,25,10.535968198233215,MD_0667,3,667,18.0,18.0,CC_0025,5,25,64.0,0.6,12.0,1.0,0.0,1.0
674,25,3.3946139801346966,MD_0674,3,674,9.0,9.0,CC_0025,5,25,64.0,0.6,12.0,1.0,0.0,1.0
681,462,6.814817354485342,MD_0681,3,681,14.0,14.0,CC_0462,4,462,,0.0,,0.0,,0.0
699,102,4.394613980134698,MD_0699,3,699,10.0,10.0,CC_0102,3,102,225.0,1.0,15.0,1.0,0.0,1.0
712,587,4.394613980134698,MD_0712,3,712,10.0,10.0,CC_0587,3,587,,0.0,,0.0,,0.0
714,724,4.394613980134698,MD_0714,3,714,10.0,10.0,CC_0724,3,724,,0.0,,0.0,,0.0
721,130,2.850545935784421,MD_0721,3,721,10.0,10.0,CC_0130,7,130,106.0,1.0,12.0,1.0,0.0,1.0
722,25,3.3946139801346966,MD_0722,3,722,10.0,10.0,CC_0025,5,25,64.0,0.6,12.0,1.0,0.0,1.0
723,626,3.792553988806736,MD_0723,3,723,9.0,9.0,CC_0626,4,626,249.0,1.0,15.0,0.75,0.0,1.0
738,174,4.394613980134698,MD_0738,3,738,9.0,9.0,CC_0174,3,174,,0.0,17.0,1.0,0.0,1.0
746,455,1.1504193542495598,MD_0746,3,746,7.0,9.0,CC_0455,2,455,,0.0,,0.0,,0.0
747,645,4.394613980134698,MD_0747,3,747,9.0,9.0,CC_0645,3,645,,0.0,,0.0,,0.0
753,362,4.394613980134698,MD_0753,3,753,9.0,9.0,CC_0362,3,362,,0.0,,0.0,,0.0
756,4,2.3154327340870715,MD_0756,3,756,9.0,9.0,CC_0004,10,4,207.0,1.0,12.0,1.0,0.0,1.0
758,11,3.792553988806736,MD_0758,3,758,9.0,9.0,CC_0011,4,11,80.0,1.0,12.0,1.0,0.0,1.0
761,257,2.3154327340870715,MD_0761,3,761,9.0,9.0,CC_0257,10,257,79.0,0.6666666666666666,12.0,1.0,0.0,1.0
762,425,4.394613980134698,MD_0762,3,762,9.0,9.0,CC_0425,3,425,,0.0,17.0,1.0,,0.0
763,4,2.3154327340870715,MD_0763,3,763,9.0,9.0,CC_0004,10,4,207.0,1.0,12.0,1.0,0.0,1.0
764,4,9.630930574714032,MD_0764,2,764,79.0,88.0,CC_0004,10,4,207.0,1.0,12.0,1.0,0.0,1.0
764,5,6.892561635558215,MD_0764,2,764,79.0,88.0,CC_0005,7,5,209.0,0.8571428571428571,12.0,1.0,0.0,1.0
764,6,14.383140745810445,MD_0764,2,764,79.0,88.0,CC_0006,11,6,119.0,1.0,12.0,1.0,0.0,1.0
764,24,4.68851101982805,MD_0764,2,764,79.0,88.0,CC_0024,16,24,66.0,0.38461538461538464,12.0,1.0,0.0,1.0
764,161,1.3369725891019435,MD_0764,2,764,79.0,88.0,CC_0161,4,161,,0.0,12.0,1.0,0.0,1.0
764,278,21.97389464525228,MD_0764,2,764,79.0,88.0,CC_0278,15,278,235.0,1.0,17.0,1.0,0.0,1.0
765,7,10.643680444082312,MD_0765,2,765,14.0,16.0,CC_0007,62,7,234.0,0.34210526315789475,12.0,1.0,0.0,1.0
768,61,3.758365250484969,MD_0768,2,768,23.0,25.0,CC_0061,21,61,58.0,1.0,17.0,1.0,0.0,1.0
768,374,10.063396346857994,MD_0768,2,768,23.0,25.0,CC_0374,8,374,160.0,1.0,15.0,1.0,0.0,1.0
769,61,6.237954279886786,MD_0769,2,769,21.0,22.0,CC_0061,21,61,58.0,1.0,17.0,1.0,0.0,1.0
769,414,3.736723204077517,MD_0769,2,769,21.0,22.0,CC_0414,4,414,,0.0,,0.0,,0.0
770,12,3.489312450602421,MD_0770,2,770,69.0,90.0,CC_0012,9,12,,0.0,17.0,1.0,0.0,1.0
770,423,1.577021858847174,MD_0770,2,770,69.0,90.0,CC_0423,4,423,206.0,1.0,17.0,1.0,0.0,1.0
770,445,2.7115332193280697,MD_0770,2,770,69.0,90.0,CC_0445,6,445,43.0,1.0,17.0,1.0,0.0,1.0
771,466,1.232133916315954,MD_0771,2,771,14.0,15.0,CC_0466,4,466,,0.0,,0.0,,0.0
773,79,4.187338308253656,MD_0773,2,773,19.0,19.0,CC_0079,22,79,,0.0,15.0,1.0,0.0,1.0
774,22,7.7679529026530005,MD_0774,2,774,72.0,72.0,CC_0022,7,22,88.0,0.6666666666666666,17.0,1.0,0.0,1.0
774,49,11.76939744199902,MD_0774,2,774,72.0,72.0,CC_0049,9,49,128.0,1.0,17.0,1.0,0.0,1.0
774,115,1.1304358430769579,MD_0774,2,774,72.0,72.0,CC_0115,5,115,151.0,0.6,17.0,1.0,0.0,1.0
775,218,9.20360892200969,MD_0775,2,775,20.0,20.0,CC_0218,19,218,41.0,1.0,12.0,1.0,0.0,1.0
776,297,2.850545935783817,MD_0776,2,776,7.0,8.0,CC_0297,3,297,,0.0,12.0,1.0,0.0,1.0
778,113,1.1820905060286,MD_0778,2,778,18.0,18.0,CC_0113,13,113,,0.0,,0.0,,0.0
779,29,3.6903787190569926,MD_0779,2,779,19.0,19.0,CC_0029,50,29,,0.0,12.0,0.9743589743589743,0.0,1.0
779,65,5.15017227713226,MD_0779,2,779,19.0,19.0,CC_0065,7,65,,0.0,17.0,0.6,0.0,1.0
780,394,7.356760500837527,MD_0780,2,780,10.0,10.0,CC_0394,6,394,175.0,1.0,17.0,1.0,0.0,1.0
780,572,8.13456765745232,MD_0780,2,780,10.0,10.0,CC_0572,5,572,,0.0,12.0,1.0,0.0,1.0
781,158,3.4390996015204323,MD_0781,2,781,17.0,17.0,CC_0158,5,158,,0.0,,0.0,,0.0
782,21,17.450016834978463,MD_0782,2,782,28.0,29.0,CC_0021,14,21,105.0,0.8888888888888888,17.0,1.0,0.0,1.0
782,63,1.5001977065565857,MD_0782,2,782,28.0,29.0,CC_0063,19,63,242.0,1.0,17.0,1.0,0.0,1.0
783,92,1.20709325929547,MD_0783,2,783,22.0,22.0,CC_0092,3,92,142.0,1.0,12.0,1.0,0.0,1.0
783,158,6.11545136700347,MD_0783,2,783,22.0,22.0,CC_0158,5,158,,0.0,,0.0,,0.0
784,91,3.649573028361198,MD_0784,2,784,22.0,23.0,CC_0091,4,91,,0.0,,0.0,,0.0
784,428,6.11545136700347,MD_0784,2,784,22.0,23.0,CC_0428,5,428,256.0,1.0,15.0,1.0,0.0,1.0
785,217,2.47033469407339,MD_0785,2,785,9.0,9.0,CC_0217,3,217,,0.0,,0.0,,0.0
785,397,5.413416813706567,MD_0785,2,785,9.0,9.0,CC_0397,4,397,,0.0,15.0,1.0,0.0,1.0
786,589,1.8335125964867487,MD_0786,2,786,14.0,15.0,CC_0589,3,589,,0.0,,0.0,,0.0
787,25,4.959636063922408,MD_0787,2,787,36.0,37.0,CC_0025,5,25,64.0,0.6,12.0,1.0,0.0,1.0
788,63,18.371806566586436,MD_0788,2,788,17.0,17.0,CC_0063,19,63,242.0,1.0,17.0,1.0,0.0,1.0
788,257,7.067202950200361,MD_0788,2,788,17.0,17.0,CC_0257,10,257,79.0,0.6666666666666666,12.0,1.0,0.0,1.0
789,49,4.249286882813161,MD_0789,2,789,31.0,31.0,CC_0049,9,49,128.0,1.0,17.0,1.0,0.0,1.0
790,419,3.9254035904431532,MD_0790,2,790,19.0,19.0,CC_0419,4,419,,0.0,15.0,1.0,0.0,1.0
793,69,8.891026135751408,MD_0793,2,793,17.0,18.0,CC_0069,9,69,216.0,1.0,17.0,1.0,0.0,1.0
794,113,3.1171974109450975,MD_0794,2,794,7.0,8.0,CC_0113,13,113,,0.0,,0.0,,0.0
796,5,1.307468564300553,MD_0796,2,796,7.0,7.0,CC_0005,7,5,209.0,0.8571428571428571,12.0,1.0,0.0,1.0
797,448,2.0939554197244536,MD_0797,2,797,5.0,6.0,CC_0448,6,448,,0.0,12.0,1.0,,0.0
800,503,1.5755654375892103,MD_0800,2,800,11.0,12.0,CC_0503,4,503,,0.0,,0.0,,0.0
801,29,3.8868309450811687,MD_0801,2,801,18.0,18.0,CC_0029,50,29,,0.0,12.0,0.9743589743589743,0.0,1.0
803,14,2.274895057099929,MD_0803,2,803,22.0,23.0,CC_0014,37,14,177.0,1.0,17.0,1.0,0.0,1.0
808,64,1.4829238213774243,MD_0808,2,808,18.0,19.0,CC_0064,3,64,,0.0,,0.0,,0.0
809,198,4.969983503964153,MD_0809,2,809,8.0,9.0,CC_0198,5,198,,0.0,12.0,1.0,0.0,1.0
809,626,5.668689318810049,MD_0809,2,809,8.0,9.0,CC_0626,4,626,249.0,1.0,15.0,0.75,0.0,1.0
811,183,1.562105067427745,MD_0811,2,811,17.0,17.0,CC_0183,3,183,,0.0,,0.0,,0.0
811,575,6.7444178932069665,MD_0811,2,811,17.0,17.0,CC_0575,5,575,,0.0,12.0,1.0,0.0,1.0
814,72,7.25605850387408,MD_0814,2,814,34.0,35.0,CC_0072,29,72,159.0,1.0,12.0,1.0,0.0,1.0
815,161,5.969719314470154,MD_0815,2,815,7.0,7.0,CC_0161,4,161,,0.0,12.0,1.0,0.0,1.0
817,97,2.712027275395803,MD_0817,2,817,7.0,7.0,CC_0097,16,97,,0.0,,0.0,,0.0
818,5,3.6486891964440478,MD_0818,2,818,10.0,10.0,CC_0005,7,5,209.0,0.8571428571428571,12.0,1.0,0.0,1.0
819,448,4.794024337134765,MD_0819,2,819,7.0,7.0,CC_0448,6,448,,0.0,12.0,1.0,,0.0
822,397,2.2487335703155473,MD_0822,2,822,7.0,10.0,CC_0397,4,397,,0.0,15.0,1.0,0.0,1.0
823,304,11.655160838561903,MD_0823,2,823,24.0,24.0,CC_0304,10,304,,0.0,,0.0,,0.0
823,385,1.0884034719680544,MD_0823,2,823,24.0,24.0,CC_0385,3,385,,0.0,,0.0,,0.0
823,568,1.0884034719680544,MD_0823,2,823,24.0,24.0,CC_0568,3,568,,0.0,,0.0,,0.0
823,616,5.907538395331798,MD_0823,2,823,24.0,24.0,CC_0616,5,616,,0.0,,0.0,,0.0
824,642,2.850545935783817,MD_0824,2,824,7.0,7.0,CC_0642,3,642,,0.0,,0.0,,0.0
825,4,3.6486891964432537,MD_0825,2,825,7.0,7.0,CC_0004,10,4,207.0,1.0,12.0,1.0,0.0,1.0
825,256,1.307468564300553,MD_0825,2,825,7.0,7.0,CC_0256,7,256,199.0,0.5,12.0,0.8571428571428571,0.0,1.0
826,595,1.1463954189426664,MD_0826,2,826,23.0,25.0,CC_0595,3,595,,0.0,,0.0,,0.0
827,23,6.118291684637162,MD_0827,2,827,16.0,17.0,CC_0023,6,23,,0.0,12.0,1.0,0.0,1.0
827,369,9.575361185183903,MD_0827,2,827,16.0,17.0,CC_0369,6,369,,0.0,,0.0,,0.0
828,459,2.052191299310657,MD_0828,2,828,12.0,12.0,CC_0459,3,459,,0.0,,0.0,,0.0
829,27,5.969719314470154,MD_0829,2,829,7.0,7.0,CC_0027,4,27,60.0,1.0,17.0,1.0,0.0,1.0
833,417,2.850545935783817,MD_0833,2,833,7.0,7.0,CC_0417,3,417,,0.0,,0.0,,0.0
833,424,5.270947437177828,MD_0833,2,833,7.0,7.0,CC_0424,5,424,161.0,1.0,17.0,1.0,0.0,1.0
834,362,2.850545935783817,MD_0834,2,834,7.0,7.0,CC_0362,3,362,,0.0,,0.0,,0.0
837,1,3.1500289025645802,MD_0837,2,837,10.0,10.0,CC_0001,28,1,125.0,1.0,17.0,1.0,0.0,1.0
837,262,6.035573777176644,MD_0837,2,837,10.0,10.0,CC_0262,9,262,260.0,0.42857142857142855,17.0,0.8888888888888888,0.0,1.0
840,525,1.337709128796261,MD_0840,2,840,20.0,20.0,CC_0525,3,525,,0.0,,0.0,,0.0
842,457,1.337709128796261,MD_0842,2,842,20.0,20.0,CC_0457,3,457,,0.0,,0.0,,0.0
843,214,5.969719314470154,MD_0843,2,843,7.0,7.0,CC_0214,4,214,,0.0,,0.0,,0.0
844,442,8.474791832788693,MD_0844,2,844,23.0,23.0,CC_0442,6,442,30.0,1.0,10.0,1.0,1.0,1.0
845,16,1.3277184034769522,MD_0845,2,845,14.0,14.0,CC_0016,42,16,53.0,1.0,17.0,1.0,0.0,1.0
845,164,12.33339508579414,MD_0845,2,845,14.0,14.0,CC_0164,25,164,197.0,0.35,17.0,1.0,0.0,1.0
846,623,2.47033469407339,MD_0846,2,846,9.0,9.0,CC_0623,3,623,,0.0,,0.0,,0.0
850,394,2.8538254719691505,MD_0850,2,850,18.0,18.0,CC_0394,6,394,175.0,1.0,17.0,1.0,0.0,1.0
852,2,7.660476120164429,MD_0852,2,852,13.0,13.0,CC_0002,46,2,125.0,1.0,17.0,1.0,0.0,1.0
852,424,7.426389651329156,MD_0852,2,852,13.0,13.0,CC_0424,5,424,161.0,1.0,17.0,1.0,0.0,1.0
854,204,6.7444178932069665,MD_0854,2,854,17.0,18.0,CC_0204,5,204,,0.0,,0.0,,0.0
857,27,4.659481317020457,MD_0857,2,857,13.0,13.0,CC_0027,4,27,60.0,1.0,17.0,1.0,0.0,1.0
860,0,15.695030805416229,MD_0860,2,860,14.0,14.0,CC_0000,8,0,152.0,1.0,17.0,1.0,0.0,1.0
860,428,7.234504125089879,MD_0860,2,860,14.0,14.0,CC_0428,5,428,256.0,1.0,15.0,1.0,0.0,1.0
861,122,3.649573028361198,MD_0861,2,861,22.0,22.0,CC_0122,4,122,16.0,1.0,12.0,1.0,0.0,1.0
861,472,3.649573028361198,MD_0861,2,861,22.0,22.0,CC_0472,4,472,24.0,1.0,12.0,1.0,0.0,1.0
862,312,1.7366025834775876,MD_0862,2,862,15.0,15.0,CC_0312,3,312,,0.0,17.0,1.0,0.0,1.0
862,576,1.7366025834775876,MD_0862,2,862,15.0,15.0,CC_0576,3,576,,0.0,17.0,1.0,0.0,1.0
863,530,1.6464259531275927,MD_0863,2,863,16.0,16.0,CC_0530,3,530,,0.0,,0.0,,0.0
864,180,3.2766999056294726,MD_0864,2,864,12.0,12.0,CC_0180,7,180,218.0,1.0,17.0,1.0,0.0,1.0
864,577,2.052191299310657,MD_0864,2,864,12.0,12.0,CC_0577,3,577,,0.0,15.0,1.0,0.0,1.0
865,294,1.7366025834775876,MD_0865,2,865,15.0,15.0,CC_0294,3,294,,0.0,,0.0,,0.0
866,72,5.145686701998988,MD_0866,2,866,11.0,12.0,CC_0072,29,72,159.0,1.0,12.0,1.0,0.0,1.0
867,7,3.3838955392804415,MD_0867,2,867,10.0,10.0,CC_0007,62,7,234.0,0.34210526315789475,12.0,1.0,0.0,1.0
868,279,2.850545935783817,MD_0868,2,868,7.0,8.0,CC_0279,3,279,,0.0,,0.0,,0.0
869,490,1.232133916315954,MD_0869,2,869,14.0,16.0,CC_0490,4,490,,0.0,,0.0,,0.0
871,391,1.045171262626381,MD_0871,2,871,16.0,16.0,CC_0391,4,391,,0.0,,0.0,,0.0
872,5,1.307468564300553,MD_0872,2,872,7.0,7.0,CC_0005,7,5,209.0,0.8571428571428571,12.0,1.0,0.0,1.0
872,448,4.794024337134765,MD_0872,2,872,7.0,7.0,CC_0448,6,448,,0.0,12.0,1.0,,0.0
874,534,1.4829238213774243,MD_0874,2,874,18.0,18.0,CC_0534,3,534,46.0,1.0,17.0,1.0,0.0,1.0
875,166,3.4390996015204323,MD_0875,2,875,17.0,17.0,CC_0166,5,166,,0.0,,0.0,,0.0
875,457,1.562105067427745,MD_0875,2,875,17.0,17.0,CC_0457,3,457,,0.0,,0.0,,0.0
875,465,1.562105067427745,MD_0875,2,875,17.0,17.0,CC_0465,3,465,,0.0,,0.0,,0.0
876,15,8.129619810553175,MD_0876,2,876,16.0,16.0,CC_0015,8,15,153.0,1.0,12.0,1.0,0.0,1.0
876,159,1.1273104634932984,MD_0876,2,876,16.0,16.0,CC_0159,15,159,,0.0,17.0,1.0,0.0,1.0
877,2,9.804613868186834,MD_0877,2,877,10.0,10.0,CC_0002,46,2,125.0,1.0,17.0,1.0,0.0,1.0
879,291,7.234504125089879,MD_0879,2,879,14.0,15.0,CC_0291,5,291,98.0,1.0,17.0,0.75,0.0,1.0
879,499,4.5133532813441235,MD_0879,2,879,14.0,15.0,CC_0499,4,499,,0.0,,0.0,,0.0
881,295,5.136612295093636,MD_0881,2,881,14.0,14.0,CC_0295,9,295,169.0,0.6666666666666666,17.0,1.0,0.0,1.0
882,213,9.575361185183903,MD_0882,2,882,16.0,16.0,CC_0213,6,213,,0.0,15.0,1.0,0.0,1.0
883,290,4.1207406953359875,MD_0883,2,883,12.0,12.0,CC_0290,5,290,,0.0,,0.0,,0.0
884,295,2.4162872400998285,MD_0884,2,884,14.0,14.0,CC_0295,9,295,169.0,0.6666666666666666,17.0,1.0,0.0,1.0
884,503,4.5133532813441235,MD_0884,2,884,14.0,14.0,CC_0503,4,503,,0.0,,0.0,,0.0
885,39,2.1771300359176013,MD_0885,2,885,11.0,11.0,CC_0039,3,39,,0.0,,0.0,,0.0
886,274,4.659481317020457,MD_0886,2,886,13.0,13.0,CC_0274,4,274,65.0,1.0,12.0,1.0,0.0,1.0
887,176,6.10527178831639,MD_0887,2,887,13.0,13.0,CC_0176,7,176,,0.0,,0.0,,0.0
888,297,2.850545935783817,MD_0888,2,888,7.0,7.0,CC_0297,3,297,,0.0,12.0,1.0,0.0,1.0
888,619,5.969719314470154,MD_0888,2,888,7.0,7.0,CC_0619,4,619,32.0,1.0,19.0,1.0,,0.0
890,116,4.819182159887513,MD_0890,2,890,12.0,12.0,CC_0116,4,116,,0.0,,0.0,,0.0
892,573,4.5133532813441235,MD_0892,2,892,14.0,14.0,CC_0573,4,573,220.0,1.0,17.0,1.0,0.0,1.0
893,576,1.9382479470065466,MD_0893,2,893,13.0,13.0,CC_0576,3,576,,0.0,17.0,1.0,0.0,1.0
894,291,6.895685568539147,MD_0894,2,894,16.0,16.0,CC_0291,5,291,98.0,1.0,17.0,0.75,0.0,1.0
894,327,6.895685568539147,MD_0894,2,894,16.0,16.0,CC_0327,5,327,,0.0,17.0,1.0,0.0,1.0
896,474,13.120255670278626,MD_0896,2,896,13.0,13.0,CC_0474,7,474,15.0,1.0,17.0,1.0,0.0,1.0
896,508,1.9382479470065466,MD_0896,2,896,13.0,13.0,CC_0508,3,508,174.0,1.0,17.0,1.0,0.0,1.0
897,110,7.234504125089879,MD_0897,2,897,14.0,15.0,CC_0110,5,110,,0.0,15.0,1.0,0.0,1.0
897,191,1.232133916315954,MD_0897,2,897,14.0,15.0,CC_0191,4,191,,0.0,,0.0,,0.0
898,70,4.819182159887513,MD_0898,2,898,12.0,12.0,CC_0070,4,70,,0.0,,0.0,,0.0
899,99,1.8510412157416125,MD_0899,2,899,7.0,7.0,CC_0099,5,99,,0.0,,0.0,,0.0
900,534,2.052191299310657,MD_0900,2,900,12.0,12.0,CC_0534,3,534,46.0,1.0,17.0,1.0,0.0,1.0
900,621,4.819182159887513,MD_0900,2,900,12.0,12.0,CC_0621,4,621,,0.0,17.0,1.0,0.0,1.0
901,5,5.913524036478753,MD_0901,2,901,14.0,14.0,CC_0005,7,5,209.0,0.8571428571428571,12.0,1.0,0.0,1.0
902,0,16.477980938682364,MD_0902,2,902,12.0,12.0,CC_0000,8,0,152.0,1.0,17.0,1.0,0.0,1.0
903,212,1.9382479470065466,MD_0903,2,903,13.0,13.0,CC_0212,3,212,,0.0,,0.0,,0.0
903,628,1.9382479470065466,MD_0903,2,903,13.0,13.0,CC_0628,3,628,100.0,1.0,8.0,1.0,,0.0
904,2,5.741631868331762,MD_0904,2,904,12.0,12.0,CC_0002,46,2,125.0,1.0,17.0,1.0,0.0,1.0
904,424,7.637243016645586,MD_0904,2,904,12.0,12.0,CC_0424,5,424,161.0,1.0,17.0,1.0,0.0,1.0
905,161,5.969719314470154,MD_0905,2,905,7.0,7.0,CC_0161,4,161,,0.0,12.0,1.0,0.0,1.0
908,40,1.9382479470065466,MD_0908,2,908,13.0,13.0,CC_0040,3,40,,0.0,,0.0,,0.0
908,497,1.9382479470065466,MD_0908,2,908,13.0,13.0,CC_0497,3,497,,0.0,,0.0,,0.0
909,27,4.659481317020457,MD_0909,2,909,13.0,13.0,CC_0027,4,27,60.0,1.0,17.0,1.0,0.0,1.0
909,294,1.9382479470065466,MD_0909,2,909,13.0,13.0,CC_0294,3,294,,0.0,,0.0,,0.0
910,472,4.819182159887513,MD_0910,2,910,12.0,12.0,CC_0472,4,472,24.0,1.0,12.0,1.0,0.0,1.0
911,434,10.513213278433811,MD_0911,2,911,12.0,13.0,CC_0434,6,434,,0.0,,0.0,,0.0
914,365,2.850545935783817,MD_0914,2,914,7.0,7.0,CC_0365,3,365,263.0,1.0,17.0,1.0,0.0,1.0
917,154,3.1171974109450975,MD_0917,2,917,7.0,7.0,CC_0154,13,154,,0.0,,0.0,,0.0
920,127,3.1189530772121614,MD_0920,2,920,12.0,12.0,CC_0127,23,127,,0.0,15.0,1.0,0.0,1.0
920,182,7.637243016645586,MD_0920,2,920,12.0,12.0,CC_0182,5,182,103.0,0.3333333333333333,17.0,1.0,0.0,1.0
922,305,3.6486891964440478,MD_0922,2,922,10.0,10.0,CC_0305,7,305,,0.0,,0.0,,0.0
922,530,2.315432734086457,MD_0922,2,922,10.0,10.0,CC_0530,3,530,,0.0,,0.0,,0.0
923,92,2.315432734086457,MD_0923,2,923,10.0,10.0,CC_0092,3,92,142.0,1.0,12.0,1.0,0.0,1.0
925,295,3.0931797187378436,MD_0925,2,925,10.0,10.0,CC_0295,9,295,169.0,0.6666666666666666,17.0,1.0,0.0,1.0
926,543,8.13456765745232,MD_0926,2,926,10.0,10.0,CC_0543,5,543,,0.0,,0.0,,0.0
927,142,4.01626954179291,MD_0927,2,927,10.0,10.0,CC_0142,6,142,,0.0,17.0,1.0,0.0,1.0
927,297,2.315432734086457,MD_0927,2,927,10.0,10.0,CC_0297,3,297,,0.0,12.0,1.0,0.0,1.0
928,72,5.4864780313878665,MD_0928,2,928,10.0,10.0,CC_0072,29,72,159.0,1.0,12.0,1.0,0.0,1.0
928,321,2.315432734086457,MD_0928,2,928,10.0,10.0,CC_0321,3,321,,0.0,17.0,1.0,0.0,1.0
929,278,4.397902867880891,MD_0929,2,929,11.0,12.0,CC_0278,15,278,235.0,1.0,17.0,1.0,0.0,1.0
929,448,10.814243274097075,MD_0929,2,929,11.0,12.0,CC_0448,6,448,,0.0,12.0,1.0,,0.0
930,526,2.315432734086457,MD_0930,2,930,10.0,10.0,CC_0526,3,526,,0.0,,0.0,,0.0
932,499,5.191568064087301,MD_0932,2,932,10.0,10.0,CC_0499,4,499,,0.0,,0.0,,0.0
933,397,5.969719314470154,MD_0933,2,933,7.0,9.0,CC_0397,4,397,,0.0,15.0,1.0,0.0,1.0
934,166,1.4710777128789267,MD_0934,2,934,9.0,9.0,CC_0166,5,166,,0.0,,0.0,,0.0
936,93,5.413416813706567,MD_0936,2,936,9.0,9.0,CC_0093,4,93,,0.0,17.0,1.0,0.0,1.0
938,513,4.237986120464274,MD_0938,2,938,9.0,9.0,CC_0513,6,513,,0.0,,0.0,,0.0
940,57,5.413416813706567,MD_0940,2,940,9.0,9.0,CC_0057,4,57,68.0,1.0,12.0,1.0,0.0,1.0
941,475,2.47033469407339,MD_0941,2,941,9.0,9.0,CC_0475,3,475,,0.0,,0.0,,0.0
942,578,4.394613980134698,MD_0942,2,942,6.0,6.0,CC_0578,3,578,118.0,1.0,15.0,1.0,0.0,1.0
943,267,6.813036598541153,MD_0943,2,943,10.0,10.0,CC_0267,7,267,,0.0,,0.0,,0.0
943,572,8.13456765745232,MD_0943,2,943,10.0,10.0,CC_0572,5,572,,0.0,12.0,1.0,0.0,1.0
945,50,4.125413948396973,MD_0945,2,945,8.0,8.0,CC_0050,7,50,147.0,0.6666666666666666,17.0,1.0,0.0,1.0
946,72,1.0460040342742696,MD_0946,2,946,9.0,9.0,CC_0072,29,72,159.0,1.0,12.0,1.0,0.0,1.0
947,301,4.660455437221083,MD_0947,2,947,10.0,10.0,CC_0301,15,301,219.0,1.0,17.0,1.0,0.0,1.0
948,312,2.47033469407339,MD_0948,2,948,9.0,9.0,CC_0312,3,312,,0.0,17.0,1.0,0.0,1.0
949,82,2.315432734086457,MD_0949,2,949,10.0,10.0,CC_0082,3,82,76.0,1.0,17.0,1.0,0.0,1.0
949,182,8.13456765745232,MD_0949,2,949,10.0,10.0,CC_0182,5,182,103.0,0.3333333333333333,17.0,1.0,0.0,1.0
950,509,2.2487335703155473,MD_0950,2,950,7.0,7.0,CC_0509,4,509,87.0,1.0,8.0,1.0,,0.0
951,163,8.435597653115648,MD_0951,2,951,6.0,6.0,CC_0163,9,163,50.0,1.0,12.0,1.0,0.0,1.0
952,163,8.435597653115648,MD_0952,2,952,6.0,6.0,CC_0163,9,163,50.0,1.0,12.0,1.0,0.0,1.0
953,58,3.093583984469314,MD_0953,2,953,6.0,6.0,CC_0058,3,58,63.0,1.0,12.0,1.0,0.0,1.0
953,274,2.4917096993025165,MD_0953,2,953,6.0,6.0,CC_0274,4,274,65.0,1.0,12.0,1.0,0.0,1.0
954,7,1.3432868534719917,MD_0954,2,954,10.0,10.0,CC_0007,62,7,234.0,0.34210526315789475,12.0,1.0,0.0,1.0
954,29,1.8240180710936533,MD_0954,2,954,10.0,10.0,CC_0029,50,29,,0.0,12.0,0.9743589743589743,0.0,1.0
961,4,3.3480556884528294,MD_0961,2,961,8.0,8.0,CC_0004,10,4,207.0,1.0,12.0,1.0,0.0,1.0
962,266,2.850545935783817,MD_0962,2,962,7.0,7.0,CC_0266,3,266,,0.0,17.0,1.0,0.0,1.0
964,405,2.850545935783817,MD_0964,2,964,7.0,7.0,CC_0405,3,405,,0.0,,0.0,,0.0
967,462,2.044675516200847,MD_0967,2,967,8.0,8.0,CC_0462,4,462,,0.0,,0.0,,0.0
969,297,2.850545935783817,MD_0969,2,969,7.0,7.0,CC_0297,3,297,,0.0,12.0,1.0,0.0,1.0
970,174,2.850545935783817,MD_0970,2,970,7.0,7.0,CC_0174,3,174,,0.0,17.0,1.0,0.0,1.0
974,219,1.3162996470457111,MD_0974,2,974,6.0,6.0,CC_0219,10,219,,0.0,,0.0,,0.0
976,422,2.2487335703155473,MD_0976,2,976,7.0,7.0,CC_0422,4,422,,0.0,,0.0,,0.0
977,15,2.646425953128496,MD_0977,2,977,6.0,6.0,CC_0015,8,15,153.0,1.0,12.0,1.0,0.0,1.0
980,160,5.270947437177828,MD_0980,2,980,7.0,7.0,CC_0160,5,160,,0.0,,0.0,,0.0
981,161,5.668689318810049,MD_0981,2,981,8.0,8.0,CC_0161,4,161,,0.0,12.0,1.0,0.0,1.0
986,534,2.850545935783817,MD_0986,2,986,7.0,7.0,CC_0534,3,534,46.0,1.0,17.0,1.0,0.0,1.0
989,10,1.1704192795497992,MD_0989,2,989,6.0,6.0,CC_0010,9,10,,0.0,15.0,1.0,0.0,1.0
990,11,5.969719314470154,MD_0990,2,990,7.0,7.0,CC_0011,4,11,80.0,1.0,12.0,1.0,0.0,1.0
992,62,3.093583984469314,MD_0992,2,992,6.0,7.0,CC_0062,3,62,,0.0,15.0,1.0,0.0,1.0
996,512,5.969719314470154,MD_0996,2,996,7.0,7.0,CC_0512,4,512,,0.0,,0.0,,0.0
997,95,2.850545935783817,MD_0997,2,997,7.0,7.0,CC_0095,3,95,254.0,1.0,12.0,1.0,0.0,1.0
997,403,2.850545935783817,MD_0997,2,997,7.0,7.0,CC_0403,3,403,,0.0,,0.0,,0.0
998,508,2.850545935783817,MD_0998,2,998,7.0,7.0,CC_0508,3,508,174.0,1.0,17.0,1.0,0.0,1.0
1000,215,2.850545935783817,MD_1000,2,1000,7.0,8.0,CC_0215,3,215,,0.0,,0.0,,0.0
1002,220,1.307468564300553,MD_1002,2,1002,7.0,7.0,CC_0220,7,220,,0.0,17.0,1.0,0.0,1.0
1002,587,2.850545935783817,MD_1002,2,1002,7.0,7.0,CC_0587,3,587,,0.0,,0.0,,0.0
1004,101,2.4917096993025165,MD_1004,2,1004,6.0,6.0,CC_0101,4,101,75.0,1.0,15.0,1.0,0.0,1.0
1006,490,2.4917096993025165,MD_1006,2,1006,6.0,6.0,CC_0490,4,490,,0.0,,0.0,,0.0
1007,58,3.093583984469314,MD_1007,2,1007,6.0,6.0,CC_0058,3,58,63.0,1.0,12.0,1.0,0.0,1.0
1009,4,3.6486891964432537,MD_1009,2,1009,7.0,7.0,CC_0004,10,4,207.0,1.0,12.0,1.0,0.0,1.0
1009,153,2.850545935783817,MD_1009,2,1009,7.0,7.0,CC_0153,3,153,,0.0,,0.0,,0.0
1013,489,2.2487335703155473,MD_1013,2,1013,7.0,7.0,CC_0489,4,489,,0.0,,0.0,,0.0
1015,86,1.726526371836771,MD_1015,2,1015,8.0,8.0,CC_0086,23,86,,0.0,,0.0,,0.0
1017,11,2.2487335703155473,MD_1017,2,1017,7.0,7.0,CC_0011,4,11,80.0,1.0,12.0,1.0,0.0,1.0
1018,321,2.850545935783817,MD_1018,2,1018,7.0,7.0,CC_0321,3,321,,0.0,17.0,1.0,0.0,1.0
1019,161,5.969719314470154,MD_1019,2,1019,7.0,7.0,CC_0161,4,161,,0.0,12.0,1.0,0.0,1.0
1020,188,4.794024337134765,MD_1020,2,1020,7.0,7.0,CC_0188,6,188,,0.0,12.0,1.0,0.0,1.0
1021,464,7.513787358821034,MD_1021,2,1021,8.0,8.0,CC_0464,4,464,,0.0,,0.0,,0.0
1022,27,5.969719314470154,MD_1022,2,1022,7.0,7.0,CC_0027,4,27,60.0,1.0,17.0,1.0,0.0,1.0
1023,585,3.093583984469314,MD_1023,2,1023,6.0,7.0,CC_0585,3,585,,0.0,,0.0,,0.0
1024,310,5.969719314470154,MD_1024,2,1024,7.0,8.0,CC_0310,4,310,,0.0,17.0,1.0,0.0,1.0
1026,101,5.969719314470154,MD_1026,2,1026,7.0,7.0,CC_0101,4,101,75.0,1.0,15.0,1.0,0.0,1.0
1027,157,2.850545935783817,MD_1027,2,1027,7.0,7.0,CC_0157,3,157,,0.0,,0.0,,0.0
1028,92,2.850545935783817,MD_1028,2,1028,7.0,7.0,CC_0092,3,92,142.0,1.0,12.0,1.0,0.0,1.0
1029,481,5.969719314470154,MD_1029,2,1029,7.0,7.0,CC_0481,4,481,,0.0,8.0,1.0,,0.0
1032,156,2.850545935783817,MD_1032,2,1032,7.0,7.0,CC_0156,3,156,,0.0,17.0,1.0,0.0,1.0
1034,257,1.015703163424063,MD_1034,2,1034,6.0,6.0,CC_0257,10,257,79.0,0.6666666666666666,12.0,1.0,0.0,1.0
1035,448,4.794024337134765,MD_1035,2,1035,7.0,7.0,CC_0448,6,448,,0.0,12.0,1.0,,0.0
1037,5,4.426245734132236,MD_1037,2,1037,7.0,7.0,CC_0005,7,5,209.0,0.8571428571428571,12.0,1.0,0.0,1.0
1038,11,5.969719314470154,MD_1038,2,1038,7.0,7.0,CC_0011,4,11,80.0,1.0,12.0,1.0,0.0,1.0
1039,50,4.426245734132236,MD_1039,2,1039,7.0,7.0,CC_0050,7,50,147.0,0.6666666666666666,17.0,1.0,0.0,1.0
1040,299,1.7931111761138325,MD_1040,2,1040,6.0,6.0,CC_0299,6,299,176.0,1.0,15.0,1.0,0.0,1.0
1041,11,2.2487335703155473,MD_1041,2,1041,7.0,7.0,CC_0011,4,11,80.0,1.0,12.0,1.0,0.0,1.0
1041,182,5.270947437177828,MD_1041,2,1041,7.0,7.0,CC_0182,5,182,103.0,0.3333333333333333,17.0,1.0,0.0,1.0
1042,25,1.8510412157416125,MD_1042,2,1042,7.0,7.0,CC_0025,5,25,64.0,0.6,12.0,1.0,0.0,1.0
1042,132,4.794024337134765,MD_1042,2,1042,7.0,7.0,CC_0132,6,132,,0.0,17.0,0.75,0.0,1.0
1044,321,2.850545935783817,MD_1044,2,1044,7.0,7.0,CC_0321,3,321,,0.0,17.0,1.0,0.0,1.0
1046,66,3.9254035904423077,MD_1046,2,1046,6.0,6.0,CC_0066,19,66,116.0,0.6111111111111112,12.0,1.0,0.0,1.0
1047,188,1.7931111761138325,MD_1047,2,1047,6.0,6.0,CC_0188,6,188,,0.0,12.0,1.0,0.0,1.0
1049,395,6.8148173544850135,MD_1049,2,1049,8.0,8.0,CC_0395,5,395,221.0,1.0,17.0,1.0,0.0,1.0
1051,192,3.093583984469314,MD_1051,2,1051,6.0,6.0,CC_0192,3,192,,0.0,,0.0,,0.0
1061,304,1.015703163424063,MD_1061,2,1061,6.0,6.0,CC_0304,10,304,,0.0,,0.0,,0.0
1062,568,3.093583984469314,MD_1062,2,1062,6.0,6.0,CC_0568,3,568,,0.0,,0.0,,0.0
1064,589,3.093583984469314,MD_1064,2,1064,6.0,6.0,CC_0589,3,589,,0.0,,0.0,,0.0
1065,252,2.4917096993025165,MD_1065,2,1065,6.0,6.0,CC_0252,4,252,23.0,1.0,15.0,1.0,0.0,1.0
1066,355,1.1704192795497992,MD_1066,2,1066,6.0,6.0,CC_0355,9,355,,0.0,,0.0,,0.0
1073,391,2.4917096993025165,MD_1073,2,1073,6.0,6.0,CC_0391,4,391,,0.0,,0.0,,0.0
1074,219,1.015703163424063,MD_1074,2,1074,6.0,6.0,CC_0219,10,219,,0.0,,0.0,,0.0
1076,150,1.3463247177062607,MD_1076,2,1076,6.0,6.0,CC_0150,8,150,,0.0,,0.0,,0.0
1086,466,2.7926777840799843,MD_1086,2,1086,6.0,6.0,CC_0466,4,466,,0.0,,0.0,,0.0
1092,646,3.093583984469314,MD_1092,2,1092,6.0,6.0,CC_0646,3,646,,0.0,,0.0,,0.0
1096,338,3.093583984469314,MD_1096,2,1096,6.0,6.0,CC_0338,3,338,,0.0,,0.0,,0.0
1096,595,3.093583984469314,MD_1096,2,1096,6.0,6.0,CC_0595,3,595,,0.0,,0.0,,0.0
1097,725,3.093583984469314,MD_1097,2,1097,6.0,6.0,CC_0725,3,725,,0.0,,0.0,,0.0
1098,99,2.0939554197251695,MD_1098,2,1098,6.0,6.0,CC_0099,5,99,,0.0,,0.0,,0.0
1101,77,3.093583984469314,MD_1101,2,1101,6.0,6.0,CC_0077,3,77,,0.0,,0.0,,0.0
1103,40,3.394613980132581,MD_1103,2,1103,6.0,6.0,CC_0040,3,40,,0.0,,0.0,,0.0
1106,248,3.394613980132581,MD_1106,2,1106,6.0,6.0,CC_0248,3,248,,0.0,,0.0,,0.0
1107,207,1.3463247177062607,MD_1107,2,1107,6.0,6.0,CC_0207,8,207,,0.0,,0.0,,0.0
1107,719,3.093583984469314,MD_1107,2,1107,6.0,6.0,CC_0719,3,719,,0.0,,0.0,,0.0
1111,500,3.7925539888050075,MD_1111,2,1111,6.0,6.0,CC_0500,3,500,,0.0,,0.0,,0.0
1112,587,4.394613980134698,MD_1112,2,1112,6.0,6.0,CC_0587,3,587,,0.0,,0.0,,0.0
1114,499,2.4917096993025165,MD_1114,2,1114,6.0,6.0,CC_0499,4,499,,0.0,,0.0,,0.0
1115,719,3.394613980132581,MD_1115,2,1115,6.0,6.0,CC_0719,3,719,,0.0,,0.0,,0.0
1117,499,3.792553988806736,MD_1117,2,1117,6.0,6.0,CC_0499,4,499,,0.0,,0.0,,0.0
1118,534,3.093583984469314,MD_1118,2,1118,6.0,6.0,CC_0534,3,534,46.0,1.0,17.0,1.0,0.0,1.0
1119,352,3.093583984469314,MD_1119,2,1119,6.0,6.0,CC_0352,3,352,,0.0,,0.0,,0.0
1119,396,3.093583984469314,MD_1119,2,1119,6.0,6.0,CC_0396,3,396,,0.0,17.0,1.0,0.0,1.0
1121,489,2.4917096993025165,MD_1121,2,1121,6.0,6.0,CC_0489,4,489,,0.0,,0.0,,0.0
1129,558,4.394613980134698,MD_1129,2,1129,6.0,6.0,CC_0558,3,558,,0.0,,0.0,,0.0
1131,612,3.3946139801346966,MD_1131,2,1131,6.0,6.0,CC_0612,5,612,,0.0,,0.0,,0.0
1138,4,1.015703163424063,MD_1138,2,1138,6.0,6.0,CC_0004,10,4,207.0,1.0,12.0,1.0,0.0,1.0
1138,161,2.4917096993025165,MD_1138,2,1138,6.0,6.0,CC_0161,4,161,,0.0,12.0,1.0,0.0,1.0
1140,163,1.1704192795497992,MD_1140,2,1140,6.0,6.0,CC_0163,9,163,50.0,1.0,12.0,1.0,0.0,1.0
1142,396,3.093583984469314,MD_1142,2,1142,6.0,6.0,CC_0396,3,396,,0.0,17.0,1.0,0.0,1.0
1143,11,3.792553988806736,MD_1143,2,1143,6.0,6.0,CC_0011,4,11,80.0,1.0,12.0,1.0,0.0,1.0
1144,11,3.792553988806736,MD_1144,2,1144,6.0,6.0,CC_0011,4,11,80.0,1.0,12.0,1.0,0.0,1.0
1145,11,2.4917096993025165,MD_1145,2,1145,6.0,6.0,CC_0011,4,11,80.0,1.0,12.0,1.0,0.0,1.0
1146,205,7.513787358821034,MD_1146,2,1146,6.0,6.0,CC_0205,4,205,19.0,1.0,17.0,1.0,0.0,1.0
1147,621,7.513787358821034,MD_1147,2,1147,6.0,6.0,CC_0621,4,621,,0.0,17.0,1.0,0.0,1.0
1148,49,1.1704192795497992,MD_1148,2,1148,6.0,6.0,CC_0049,9,49,128.0,1.0,17.0,1.0,0.0,1.0
1148,69,1.1704192795497992,MD_1148,2,1148,6.0,6.0,CC_0069,9,69,216.0,1.0,17.0,1.0,0.0,1.0
1150,188,3.0935839844707154,MD_1150,2,1150,6.0,6.0,CC_0188,6,188,,0.0,12.0,1.0,0.0,1.0
1152,29,6.277742220952284,MD_1152,2,1152,6.0,6.0,CC_0029,50,29,,0.0,12.0,0.9743589743589743,0.0,1.0
1153,349,4.394613980134698,MD_1153,2,1153,6.0,6.0,CC_0349,3,349,,0.0,17.0,0.6666666666666666,0.0,1.0
1154,274,3.792553988806736,MD_1154,2,1154,6.0,6.0,CC_0274,4,274,65.0,1.0,12.0,1.0,0.0,1.0
1155,425,3.093583984469314,MD_1155,2,1155,6.0,6.0,CC_0425,3,425,,0.0,17.0,1.0,,0.0
1156,33,6.693807948416547,MD_1156,2,1156,6.0,6.0,CC_0033,43,33,18.0,0.2222222222222222,12.0,1.0,0.0,1.0
1157,188,1.7931111761138325,MD_1157,2,1157,6.0,6.0,CC_0188,6,188,,0.0,12.0,1.0,0.0,1.0
1158,188,1.7931111761138325,MD_1158,2,1158,6.0,6.0,CC_0188,6,188,,0.0,12.0,1.0,0.0,1.0
1159,4,1.015703163424063,MD_1159,2,1159,6.0,6.0,CC_0004,10,4,207.0,1.0,12.0,1.0,0.0,1.0
1159,197,1.015703163424063,MD_1159,2,1159,6.0,6.0,CC_0197,10,197,,0.0,,0.0,,0.0
1160,257,2.3154327340870715,MD_1160,2,1160,6.0,6.0,CC_0257,10,257,79.0,0.6666666666666666,12.0,1.0,0.0,1.0
1161,93,2.4917096993025165,MD_1161,2,1161,6.0,6.0,CC_0093,4,93,,0.0,17.0,1.0,0.0,1.0
1163,419,7.513787358821034,MD_1163,2,1163,6.0,6.0,CC_0419,4,419,,0.0,15.0,1.0,0.0,1.0
1164,209,1.7138061807156584,MD_1164,2,1164,6.0,6.0,CC_0209,10,209,188.0,1.0,15.0,1.0,0.0,1.0
1165,424,2.0939554197251695,MD_1165,2,1165,6.0,6.0,CC_0424,5,424,161.0,1.0,17.0,1.0,0.0,1.0
1166,0,2.646425953128496,MD_1166,2,1166,6.0,6.0,CC_0000,8,0,152.0,1.0,17.0,1.0,0.0,1.0
1167,25,3.3946139801346966,MD_1167,2,1167,6.0,6.0,CC_0025,5,25,64.0,0.6,12.0,1.0,0.0,1.0
1168,87,1.015703163424063,MD_1168,2,1168,6.0,6.0,CC_0087,10,87,89.0,1.0,15.0,1.0,0.0,1.0
