id,size,pos,pos_genus,precision_genus,pos_family,precision_family,pos_order,precision_order
CC_0000,8,0,152.0,1.0,17.0,1.0,0.0,1.0
CC_0001,28,1,125.0,1.0,17.0,1.0,0.0,1.0
CC_0002,46,2,125.0,1.0,17.0,1.0,0.0,1.0
CC_0003,13,3,244.0,1.0,17.0,1.0,0.0,1.0
CC_0004,10,4,207.0,1.0,12.0,1.0,0.0,1.0
CC_0005,7,5,209.0,0.8571428571428571,12.0,1.0,0.0,1.0
CC_0006,11,6,119.0,1.0,12.0,1.0,0.0,1.0
CC_0007,62,7,234.0,0.34210526315789475,12.0,1.0,0.0,1.0
CC_0008,15,8,192.0,1.0,12.0,1.0,0.0,1.0
CC_0009,4,9,,0.0,,0.0,,0.0
CC_0010,9,10,,0.0,15.0,1.0,0.0,1.0
CC_0011,4,11,80.0,1.0,12.0,1.0,0.0,1.0
CC_0012,9,12,,0.0,17.0,1.0,0.0,1.0
CC_0013,17,13,36.0,1.0,17.0,1.0,0.0,1.0
CC_0014,37,14,177.0,1.0,17.0,1.0,0.0,1.0
CC_0015,8,15,153.0,1.0,12.0,1.0,0.0,1.0
CC_0016,42,16,53.0,1.0,17.0,1.0,0.0,1.0
CC_0017,5,17,222.0,1.0,17.0,1.0,0.0,1.0
CC_0018,38,18,125.0,1.0,17.0,1.0,0.0,1.0
CC_0019,2,19,,0.0,,0.0,,0.0
CC_0020,7,20,177.0,1.0,17.0,1.0,0.0,1.0
CC_0021,14,21,105.0,0.8888888888888888,17.0,1.0,0.0,1.0
CC_0022,7,22,88.0,0.6666666666666666,17.0,1.0,0.0,1.0
CC_0023,6,23,,0.0,12.0,1.0,0.0,1.0
CC_0024,16,24,66.0,0.38461538461538464,12.0,1.0,0.0,1.0
CC_0025,5,25,64.0,0.6,12.0,1.0,0.0,1.0
CC_0026,8,26,,0.0,,0.0,,0.0
CC_0027,4,27,60.0,1.0,17.0,1.0,0.0,1.0
CC_0028,15,28,146.0,0.5,15.0,1.0,0.0,1.0
CC_0029,50,29,,0.0,12.0,0.9743589743589743,0.0,1.0
CC_0030,58,30,120.0,0.6666666666666666,15.0,1.0,0.0,1.0
CC_0031,6,31,71.0,1.0,17.0,1.0,0.0,1.0
CC_0032,8,32,195.0,0.42857142857142855,17.0,1.0,0.0,1.0
CC_0033,43,33,18.0,0.2222222222222222,12.0,1.0,0.0,1.0
CC_0034,2,34,136.0,1.0,12.0,1.0,0.0,1.0
CC_0035,8,35,126.0,0.75,17.0,1.0,0.0,1.0
CC_0036,40,36,83.0,0.75,15.0,1.0,0.0,1.0
CC_0037,6,37,183.0,1.0,17.0,1.0,0.0,1.0
CC_0038,3,38,27.0,0.5,17.0,1.0,0.0,1.0
CC_0039,3,39,,0.0,,0.0,,0.0
CC_0040,3,40,,0.0,,0.0,,0.0
CC_0041,2,41,,0.0,12.0,1.0,0.0,1.0
CC_0042,2,42,,0.0,,0.0,,0.0
CC_0043,12,43,157.0,1.0,15.0,1.0,0.0,1.0
CC_0044,37,44,,0.0,,0.0,,0.0
CC_0045,59,45,162.0,1.0,17.0,1.0,0.0,1.0
CC_0046,2,46,,0.0,12.0,1.0,0.0,1.0
CC_0047,3,47,,0.0,,0.0,,0.0
CC_0048,2,48,,0.0,12.0,1.0,0.0,1.0
CC_0049,9,49,128.0,1.0,17.0,1.0,0.0,1.0
CC_0050,7,50,147.0,0.6666666666666666,17.0,1.0,0.0,1.0
CC_0051,2,51,,0.0,,0.0,,0.0
CC_0052,11,52,180.0,1.0,15.0,1.0,0.0,1.0
CC_0053,2,53,214.0,1.0,17.0,1.0,0.0,1.0
CC_0054,10,54,104.0,1.0,17.0,1.0,0.0,1.0
CC_0055,9,55,121.0,1.0,15.0,1.0,0.0,1.0
CC_0056,6,56,212.0,1.0,17.0,1.0,0.0,1.0
CC_0057,4,57,68.0,1.0,12.0,1.0,0.0,1.0
CC_0058,3,58,63.0,1.0,12.0,1.0,0.0,1.0
CC_0059,4,59,190.0,1.0,17.0,1.0,0.0,1.0
CC_0060,35,60,171.0,0.6551724137931034,17.0,1.0,0.0,1.0
CC_0061,21,61,58.0,1.0,17.0,1.0,0.0,1.0
CC_0062,3,62,,0.0,15.0,1.0,0.0,1.0
CC_0063,19,63,242.0,1.0,17.0,1.0,0.0,1.0
CC_0064,3,64,,0.0,,0.0,,0.0
CC_0065,7,65,,0.0,17.0,0.6,0.0,1.0
CC_0066,19,66,116.0,0.6111111111111112,12.0,1.0,0.0,1.0
CC_0067,4,67,,0.0,,0.0,,0.0
CC_0068,2,68,,0.0,12.0,1.0,0.0,1.0
CC_0069,9,69,216.0,1.0,17.0,1.0,0.0,1.0
CC_0070,4,70,,0.0,,0.0,,0.0
CC_0071,4,71,,0.0,,0.0,,0.0
CC_0072,29,72,159.0,1.0,12.0,1.0,0.0,1.0
CC_0073,9,73,38.0,1.0,17.0,1.0,0.0,1.0
CC_0074,5,74,,0.0,,0.0,,0.0
CC_0075,3,75,,0.0,,0.0,,0.0
CC_0076,6,76,264.0,0.6666666666666666,17.0,1.0,0.0,1.0
CC_0077,3,77,,0.0,,0.0,,0.0
CC_0078,5,78,,0.0,17.0,1.0,0.0,1.0
CC_0079,22,79,,0.0,15.0,1.0,0.0,1.0
CC_0080,2,80,51.0,1.0,17.0,1.0,0.0,1.0
CC_0081,2,81,,0.0,17.0,1.0,0.0,1.0
CC_0082,3,82,76.0,1.0,17.0,1.0,0.0,1.0
CC_0083,2,83,86.0,1.0,17.0,1.0,0.0,1.0
CC_0084,19,84,,0.0,,0.0,,0.0
CC_0085,14,85,,0.0,,0.0,,0.0
CC_0086,23,86,,0.0,,0.0,,0.0
CC_0087,10,87,89.0,1.0,15.0,1.0,0.0,1.0
CC_0088,18,88,,0.0,15.0,1.0,0.0,1.0
CC_0089,2,89,,0.0,12.0,1.0,0.0,1.0
CC_0090,2,90,,0.0,,0.0,,0.0
CC_0091,4,91,,0.0,,0.0,,0.0
CC_0092,3,92,142.0,1.0,12.0,1.0,0.0,1.0
CC_0093,4,93,,0.0,17.0,1.0,0.0,1.0
CC_0094,2,94,179.0,1.0,17.0,1.0,0.0,1.0
CC_0095,3,95,254.0,1.0,12.0,1.0,0.0,1.0
CC_0096,14,96,215.0,1.0,17.0,1.0,0.0,1.0
CC_0097,16,97,,0.0,,0.0,,0.0
CC_0098,2,98,,0.0,,0.0,,0.0
CC_0099,5,99,,0.0,,0.0,,0.0
CC_0100,12,100,91.0,0.5833333333333334,15.0,1.0,0.0,1.0
CC_0101,4,101,75.0,1.0,15.0,1.0,0.0,1.0
CC_0102,3,102,225.0,1.0,15.0,1.0,0.0,1.0
CC_0103,2,103,258.0,1.0,17.0,1.0,0.0,1.0
CC_0104,8,104,132.0,1.0,15.0,1.0,0.0,1.0
CC_0105,2,105,,0.0,15.0,1.0,0.0,1.0
CC_0106,3,106,,0.0,15.0,1.0,0.0,1.0
CC_0107,2,107,135.0,1.0,15.0,1.0,0.0,1.0
CC_0108,2,108,259.0,1.0,17.0,1.0,0.0,1.0
CC_0109,21,109,45.0,0.5,0.0,1.0,0.0,1.0
CC_0110,5,110,,0.0,15.0,1.0,0.0,1.0
CC_0111,2,111,,0.0,12.0,1.0,0.0,1.0
CC_0112,2,112,,0.0,12.0,0.5,0.0,1.0
CC_0113,13,113,,0.0,,0.0,,0.0
CC_0114,2,114,,0.0,15.0,1.0,0.0,1.0
CC_0115,5,115,151.0,0.6,17.0,1.0,0.0,1.0
CC_0116,4,116,,0.0,,0.0,,0.0
CC_0117,3,117,,0.0,,0.0,,0.0
CC_0118,6,118,,0.0,,0.0,,0.0
CC_0119,2,119,,0.0,15.0,0.5,0.0,1.0
CC_0120,6,120,,0.0,,0.0,,0.0
CC_0121,4,121,,0.0,,0.0,,0.0
CC_0122,4,122,16.0,1.0,12.0,1.0,0.0,1.0
CC_0123,10,123,,0.0,,0.0,,0.0
CC_0124,5,124,227.0,1.0,17.0,1.0,0.0,1.0
CC_0125,2,125,,0.0,17.0,1.0,0.0,1.0
CC_0126,8,126,,0.0,,0.0,,0.0
CC_0127,23,127,,0.0,15.0,1.0,0.0,1.0
CC_0128,7,128,,0.0,,0.0,,0.0
CC_0129,2,129,,0.0,,0.0,,0.0
CC_0130,7,130,106.0,1.0,12.0,1.0,0.0,1.0
CC_0131,6,131,148.0,1.0,12.0,0.3333333333333333,0.0,1.0
CC_0132,6,132,,0.0,17.0,0.75,0.0,1.0
CC_0133,8,133,,0.0,17.0,1.0,0.0,1.0
CC_0134,2,134,25.0,1.0,12.0,1.0,0.0,1.0
CC_0135,2,135,,0.0,,0.0,,0.0
CC_0136,5,136,,0.0,15.0,1.0,0.0,1.0
CC_0137,4,137,,0.0,17.0,1.0,0.0,1.0
CC_0138,13,138,,0.0,,0.0,,0.0
CC_0139,16,139,85.0,0.75,12.0,1.0,0.0,1.0
CC_0140,2,140,,0.0,,0.0,,0.0
CC_0141,2,141,,0.0,17.0,1.0,0.0,1.0
CC_0142,6,142,,0.0,17.0,1.0,0.0,1.0
CC_0143,18,143,70.0,1.0,17.0,1.0,0.0,1.0
CC_0144,17,144,110.0,0.75,17.0,0.9333333333333333,0.0,1.0
CC_0145,7,145,,0.0,,0.0,,0.0
CC_0146,3,146,,0.0,12.0,1.0,0.0,1.0
CC_0147,3,147,,0.0,,0.0,,0.0
CC_0148,2,148,,0.0,17.0,1.0,0.0,1.0
CC_0149,2,149,101.0,1.0,12.0,1.0,0.0,1.0
CC_0150,8,150,,0.0,,0.0,,0.0
CC_0151,3,151,,0.0,,0.0,,0.0
CC_0152,2,152,,0.0,,0.0,,0.0
CC_0153,3,153,,0.0,,0.0,,0.0
CC_0154,13,154,,0.0,,0.0,,0.0
CC_0155,11,155,,0.0,,0.0,,0.0
CC_0156,3,156,,0.0,17.0,1.0,0.0,1.0
CC_0157,3,157,,0.0,,0.0,,0.0
CC_0158,5,158,,0.0,,0.0,,0.0
CC_0159,15,159,,0.0,17.0,1.0,0.0,1.0
CC_0160,5,160,,0.0,,0.0,,0.0
CC_0161,4,161,,0.0,12.0,1.0,0.0,1.0
CC_0162,2,162,,0.0,,0.0,,0.0
CC_0163,9,163,50.0,1.0,12.0,1.0,0.0,1.0
CC_0164,25,164,197.0,0.35,17.0,1.0,0.0,1.0
CC_0165,11,165,,0.0,,0.0,,0.0
CC_0166,5,166,,0.0,,0.0,,0.0
CC_0167,2,167,114.0,1.0,17.0,1.0,0.0,1.0
CC_0168,9,168,56.0,1.0,17.0,1.0,0.0,1.0
CC_0169,6,169,123.0,1.0,12.0,1.0,0.0,1.0
CC_0170,3,170,,0.0,15.0,1.0,0.0,1.0
CC_0171,3,171,,0.0,17.0,1.0,0.0,1.0
CC_0172,3,172,,0.0,,0.0,,0.0
CC_0173,2,173,,0.0,12.0,1.0,0.0,1.0
CC_0174,3,174,,0.0,17.0,1.0,0.0,1.0
CC_0175,2,175,,0.0,17.0,1.0,0.0,1.0
CC_0176,7,176,,0.0,,0.0,,0.0
CC_0177,5,177,,0.0,,0.0,,0.0
CC_0178,20,178,,0.0,,0.0,,0.0
CC_0179,3,179,,0.0,17.0,1.0,0.0,1.0
CC_0180,7,180,218.0,1.0,17.0,1.0,0.0,1.0
CC_0181,2,181,,0.0,15.0,1.0,0.0,1.0
CC_0182,5,182,103.0,0.3333333333333333,17.0,1.0,0.0,1.0
CC_0183,3,183,,0.0,,0.0,,0.0
CC_0184,13,184,,0.0,,0.0,,0.0
CC_0185,2,185,,0.0,12.0,1.0,0.0,1.0
CC_0186,18,186,164.0,1.0,12.0,1.0,0.0,1.0
CC_0187,2,187,,0.0,,0.0,,0.0
CC_0188,6,188,,0.0,12.0,1.0,0.0,1.0
CC_0189,11,189,,0.0,,0.0,,0.0
CC_0190,2,190,165.0,1.0,17.0,1.0,0.0,1.0
CC_0191,4,191,,0.0,,0.0,,0.0
CC_0192,3,192,,0.0,,0.0,,0.0
CC_0193,7,193,,0.0,,0.0,,0.0
CC_0194,2,194,189.0,1.0,15.0,1.0,0.0,1.0
CC_0195,2,195,,0.0,,0.0,,0.0
CC_0196,9,196,,0.0,,0.0,,0.0
CC_0197,10,197,,0.0,,0.0,,0.0
CC_0198,5,198,,0.0,12.0,1.0,0.0,1.0
CC_0199,2,199,,0.0,,0.0,,0.0
CC_0200,18,200,,0.0,,0.0,,0.0
CC_0201,2,201,,0.0,,0.0,,0.0
CC_0202,2,202,,0.0,,0.0,,0.0
CC_0203,2,203,,0.0,,0.0,,0.0
CC_0204,5,204,,0.0,,0.0,,0.0
CC_0205,4,205,19.0,1.0,17.0,1.0,0.0,1.0
CC_0206,5,206,,0.0,17.0,1.0,0.0,1.0
CC_0207,8,207,,0.0,,0.0,,0.0
CC_0208,2,208,,0.0,,0.0,,0.0
CC_0209,10,209,188.0,1.0,15.0,1.0,0.0,1.0
CC_0210,6,210,140.0,1.0,12.0,1.0,0.0,1.0
CC_0211,4,211,,0.0,17.0,1.0,0.0,1.0
CC_0212,3,212,,0.0,,0.0,,0.0
CC_0213,6,213,,0.0,15.0,1.0,0.0,1.0
CC_0214,4,214,,0.0,,0.0,,0.0
CC_0215,3,215,,0.0,,0.0,,0.0
CC_0216,4,216,,0.0,,0.0,,0.0
CC_0217,3,217,,0.0,,0.0,,0.0
CC_0218,19,218,41.0,1.0,12.0,1.0,0.0,1.0
CC_0219,10,219,,0.0,,0.0,,0.0
CC_0220,7,220,,0.0,17.0,1.0,0.0,1.0
CC_0221,5,221,,0.0,17.0,1.0,0.0,1.0
CC_0222,11,222,,0.0,12.0,1.0,0.0,1.0
CC_0223,3,223,,0.0,,0.0,,0.0
CC_0224,3,224,,0.0,,0.0,,0.0
CC_0225,9,225,,0.0,,0.0,,0.0
CC_0226,6,226,257.0,1.0,17.0,1.0,0.0,1.0
CC_0227,2,227,,0.0,17.0,1.0,0.0,1.0
CC_0228,3,228,,0.0,,0.0,,0.0
CC_0229,8,229,,0.0,,0.0,,0.0
CC_0230,3,230,,0.0,,0.0,,0.0
CC_0231,2,231,,0.0,17.0,1.0,0.0,1.0
CC_0232,7,232,42.0,1.0,17.0,1.0,0.0,1.0
CC_0233,7,233,,0.0,,0.0,,0.0
CC_0234,3,234,,0.0,,0.0,,0.0
CC_0235,3,235,,0.0,,0.0,,0.0
CC_0236,3,236,,0.0,,0.0,,0.0
CC_0237,2,237,,0.0,,0.0,,0.0
CC_0238,10,238,,0.0,,0.0,,0.0
CC_0239,4,239,,0.0,,0.0,,0.0
CC_0240,2,240,,0.0,,0.0,,0.0
CC_0241,4,241,,0.0,,0.0,,0.0
CC_0242,2,242,,0.0,,0.0,,0.0
CC_0243,2,243,232.0,1.0,12.0,1.0,0.0,1.0
CC_0244,9,244,134.0,1.0,15.0,1.0,0.0,1.0
CC_0245,2,245,77.0,1.0,12.0,1.0,0.0,1.0
CC_0246,4,246,,0.0,,0.0,,0.0
CC_0247,2,247,,0.0,,0.0,,0.0
CC_0248,3,248,,0.0,,0.0,,0.0
CC_0249,2,249,,0.0,15.0,1.0,0.0,1.0
CC_0250,3,250,,0.0,,0.0,,0.0
CC_0251,5,251,262.0,1.0,17.0,1.0,0.0,1.0
CC_0252,4,252,23.0,1.0,15.0,1.0,0.0,1.0
CC_0253,2,253,,0.0,,0.0,,0.0
CC_0254,2,254,,0.0,,0.0,,0.0
CC_0255,2,255,,0.0,,0.0,,0.0
CC_0256,7,256,199.0,0.5,12.0,0.8571428571428571,0.0,1.0
CC_0257,10,257,79.0,0.6666666666666666,12.0,1.0,0.0,1.0
CC_0258,2,258,82.0,1.0,12.0,1.0,0.0,1.0
CC_0259,6,259,,0.0,,0.0,,0.0
CC_0260,8,260,,0.0,17.0,1.0,0.0,1.0
CC_0261,3,261,252.0,1.0,17.0,1.0,0.0,1.0
CC_0262,9,262,260.0,0.42857142857142855,17.0,0.8888888888888888,0.0,1.0
CC_0263,2,263,,0.0,,0.0,,0.0
CC_0264,2,264,,0.0,,0.0,,0.0
CC_0265,2,265,,0.0,,0.0,,0.0
CC_0266,3,266,,0.0,17.0,1.0,0.0,1.0
CC_0267,7,267,,0.0,,0.0,,0.0
CC_0268,16,268,,0.0,,0.0,,0.0
CC_0269,2,269,,0.0,,0.0,,0.0
CC_0270,3,270,,0.0,,0.0,,0.0
CC_0271,5,271,,0.0,,0.0,,0.0
CC_0272,4,272,1.0,0.5,12.0,1.0,0.0,1.0
CC_0273,13,273,168.0,1.0,12.0,1.0,0.0,1.0
CC_0274,4,274,65.0,1.0,12.0,1.0,0.0,1.0
CC_0275,2,275,,0.0,15.0,1.0,0.0,1.0
CC_0276,3,276,,0.0,,0.0,,0.0
CC_0277,3,277,,0.0,,0.0,,0.0
CC_0278,15,278,235.0,1.0,17.0,1.0,0.0,1.0
CC_0279,3,279,,0.0,,0.0,,0.0
CC_0280,2,280,,0.0,,0.0,,0.0
CC_0281,2,281,,0.0,,0.0,,0.0
CC_0282,2,282,,0.0,,0.0,,0.0
CC_0283,15,283,,0.0,,0.0,,0.0
CC_0284,2,284,,0.0,,0.0,,0.0
CC_0285,3,285,,0.0,,0.0,,0.0
CC_0286,2,286,,0.0,,0.0,,0.0
CC_0287,2,287,,0.0,,0.0,,0.0
CC_0288,11,288,202.0,1.0,16.0,1.0,1.0,1.0
CC_0289,14,289,226.0,1.0,15.0,1.0,0.0,1.0
CC_0290,5,290,,0.0,,0.0,,0.0
CC_0291,5,291,98.0,1.0,17.0,0.75,0.0,1.0
CC_0292,3,292,,0.0,,0.0,,0.0
CC_0293,2,293,,0.0,17.0,1.0,0.0,1.0
CC_0294,3,294,,0.0,,0.0,,0.0
CC_0295,9,295,169.0,0.6666666666666666,17.0,1.0,0.0,1.0
CC_0296,3,296,,0.0,17.0,1.0,0.0,1.0
CC_0297,3,297,,0.0,12.0,1.0,0.0,1.0
CC_0298,2,298,,0.0,,0.0,,0.0
CC_0299,6,299,176.0,1.0,15.0,1.0,0.0,1.0
CC_0300,2,300,,0.0,17.0,1.0,0.0,1.0
CC_0301,15,301,219.0,1.0,17.0,1.0,0.0,1.0
CC_0302,3,302,,0.0,,0.0,,0.0
CC_0303,4,303,,0.0,,0.0,,0.0
CC_0304,10,304,,0.0,,0.0,,0.0
CC_0305,7,305,,0.0,,0.0,,0.0
CC_0306,5,306,,0.0,,0.0,,0.0
CC_0307,4,307,,0.0,,0.0,,0.0
CC_0308,2,308,,0.0,,0.0,,0.0
CC_0309,2,309,,0.0,,0.0,,0.0
CC_0310,4,310,,0.0,17.0,1.0,0.0,1.0
CC_0311,2,311,243.0,1.0,17.0,1.0,0.0,1.0
CC_0312,3,312,,0.0,17.0,1.0,0.0,1.0
CC_0313,4,313,,0.0,12.0,0.5,0.0,1.0
CC_0314,10,314,129.0,0.75,17.0,1.0,0.0,1.0
CC_0315,2,315,,0.0,,0.0,,0.0
CC_0316,2,316,,0.0,,0.0,,0.0
CC_0317,2,317,,0.0,,0.0,,0.0
CC_0318,2,318,,0.0,,0.0,,0.0
CC_0319,4,319,,0.0,,0.0,,0.0
CC_0320,3,320,,0.0,17.0,1.0,0.0,1.0
CC_0321,3,321,,0.0,17.0,1.0,0.0,1.0
CC_0322,3,322,178.0,1.0,17.0,1.0,0.0,1.0
CC_0323,4,323,,0.0,17.0,1.0,0.0,1.0
CC_0324,3,324,,0.0,,0.0,,0.0
CC_0325,2,325,,0.0,,0.0,,0.0
CC_0326,2,326,,0.0,,0.0,,0.0
CC_0327,5,327,,0.0,17.0,1.0,0.0,1.0
CC_0328,2,328,,0.0,,0.0,,0.0
CC_0329,2,329,,0.0,,0.0,,0.0
CC_0330,2,330,,0.0,,0.0,,0.0
CC_0331,4,331,,0.0,,0.0,,0.0
CC_0332,2,332,,0.0,,0.0,,0.0
CC_0333,3,333,,0.0,,0.0,,0.0
CC_0334,2,334,,0.0,,0.0,,0.0
CC_0335,11,335,57.0,0.75,11.0,1.0,,0.0
CC_0336,2,336,,0.0,17.0,1.0,0.0,1.0
CC_0337,2,337,,0.0,,0.0,,0.0
CC_0338,3,338,,0.0,,0.0,,0.0
CC_0339,6,339,133.0,1.0,17.0,1.0,0.0,1.0
CC_0340,2,340,,0.0,,0.0,,0.0
CC_0341,2,341,,0.0,,0.0,,0.0
CC_0342,4,342,,0.0,,0.0,,0.0
CC_0343,3,343,,0.0,,0.0,,0.0
CC_0344,2,344,,0.0,,0.0,,0.0
CC_0345,3,345,,0.0,,0.0,,0.0
CC_0346,2,346,,0.0,,0.0,,0.0
CC_0347,2,347,,0.0,,0.0,,0.0
CC_0348,2,348,,0.0,,0.0,,0.0
CC_0349,3,349,,0.0,17.0,0.6666666666666666,0.0,1.0
CC_0350,7,350,248.0,1.0,17.0,1.0,0.0,1.0
CC_0351,2,351,,0.0,,0.0,,0.0
CC_0352,3,352,,0.0,,0.0,,0.0
CC_0353,5,353,,0.0,,0.0,,0.0
CC_0354,4,354,,0.0,,0.0,,0.0
CC_0355,9,355,,0.0,,0.0,,0.0
CC_0356,2,356,,0.0,,0.0,,0.0
CC_0357,2,357,,0.0,,0.0,,0.0
CC_0358,7,358,,0.0,,0.0,,0.0
CC_0359,2,359,,0.0,,0.0,,0.0
CC_0360,2,360,,0.0,,0.0,,0.0
CC_0361,3,361,,0.0,,0.0,,0.0
CC_0362,3,362,,0.0,,0.0,,0.0
CC_0363,4,363,173.0,1.0,15.0,1.0,0.0,1.0
CC_0364,3,364,62.0,1.0,15.0,1.0,0.0,1.0
CC_0365,3,365,263.0,1.0,17.0,1.0,0.0,1.0
CC_0366,8,366,72.0,1.0,17.0,1.0,0.0,1.0
CC_0367,3,367,,0.0,,0.0,,0.0
CC_0368,2,368,,0.0,12.0,0.5,0.0,1.0
CC_0369,6,369,,0.0,,0.0,,0.0
CC_0370,2,370,,0.0,15.0,1.0,0.0,1.0
CC_0371,2,371,,0.0,,0.0,,0.0
CC_0372,9,372,,0.0,11.0,1.0,,0.0
CC_0373,2,373,,0.0,15.0,1.0,0.0,1.0
CC_0374,8,374,160.0,1.0,15.0,1.0,0.0,1.0
CC_0375,3,375,,0.0,17.0,1.0,0.0,1.0
CC_0376,2,376,,0.0,,0.0,,0.0
CC_0377,2,377,,0.0,,0.0,,0.0
CC_0378,4,378,,0.0,,0.0,,0.0
CC_0379,4,379,,0.0,,0.0,,0.0
CC_0380,5,380,,0.0,,0.0,,0.0
CC_0381,2,381,,0.0,,0.0,,0.0
CC_0382,2,382,,0.0,,0.0,,0.0
CC_0383,2,383,,0.0,,0.0,,0.0
CC_0384,3,384,,0.0,,0.0,,0.0
CC_0385,3,385,,0.0,,0.0,,0.0
CC_0386,2,386,,0.0,,0.0,,0.0
CC_0387,2,387,,0.0,,0.0,,0.0
CC_0388,8,388,,0.0,,0.0,,0.0
CC_0389,3,389,,0.0,,0.0,,0.0
CC_0390,2,390,,0.0,,0.0,,0.0
CC_0391,4,391,,0.0,,0.0,,0.0
CC_0392,2,392,,0.0,,0.0,,0.0
CC_0393,2,393,,0.0,12.0,1.0,0.0,1.0
CC_0394,6,394,175.0,1.0,17.0,1.0,0.0,1.0
CC_0395,5,395,221.0,1.0,17.0,1.0,0.0,1.0
CC_0396,3,396,,0.0,17.0,1.0,0.0,1.0
CC_0397,4,397,,0.0,15.0,1.0,0.0,1.0
CC_0398,2,398,,0.0,,0.0,,0.0
CC_0399,3,399,,0.0,,0.0,,0.0
CC_0400,2,400,,0.0,,0.0,,0.0
CC_0401,2,401,,0.0,,0.0,,0.0
CC_0402,3,402,,0.0,,0.0,,0.0
CC_0403,3,403,,0.0,,0.0,,0.0
CC_0404,4,404,,0.0,,0.0,,0.0
CC_0405,3,405,,0.0,,0.0,,0.0
CC_0406,2,406,,0.0,,0.0,,0.0
CC_0407,2,407,,0.0,,0.0,,0.0
CC_0408,2,408,,0.0,,0.0,,0.0
CC_0409,2,409,,0.0,,0.0,,0.0
CC_0410,2,410,,0.0,,0.0,,0.0
CC_0411,4,411,,0.0,,0.0,,0.0
CC_0412,2,412,,0.0,17.0,1.0,0.0,1.0
CC_0413,9,413,8.0,0.7777777777777778,5.0,1.0,,0.0
CC_0414,4,414,,0.0,,0.0,,0.0
CC_0415,4,415,,0.0,15.0,1.0,0.0,1.0
CC_0416,6,416,163.0,1.0,15.0,1.0,0.0,1.0
CC_0417,3,417,,0.0,,0.0,,0.0
CC_0418,6,418,,0.0,,0.0,,0.0
CC_0419,4,419,,0.0,15.0,1.0,0.0,1.0
CC_0420,4,420,,0.0,,0.0,,0.0
CC_0421,2,421,,0.0,,0.0,,0.0
CC_0422,4,422,,0.0,,0.0,,0.0
CC_0423,4,423,206.0,1.0,17.0,1.0,0.0,1.0
CC_0424,5,424,161.0,1.0,17.0,1.0,0.0,1.0
CC_0425,3,425,,0.0,17.0,1.0,,0.0
CC_0426,3,426,,0.0,,0.0,,0.0
CC_0427,4,427,,0.0,,0.0,,0.0
CC_0428,5,428,256.0,1.0,15.0,1.0,0.0,1.0
CC_0429,2,429,,0.0,,0.0,,0.0
CC_0430,2,430,,0.0,,0.0,,0.0
CC_0431,3,431,,0.0,,0.0,,0.0
CC_0432,4,432,,0.0,,0.0,,0.0
CC_0433,5,433,,0.0,,0.0,,0.0
CC_0434,6,434,,0.0,,0.0,,0.0
CC_0435,2,435,,0.0,,0.0,,0.0
CC_0436,6,436,,0.0,,0.0,,0.0
CC_0437,2,437,,0.0,,0.0,,0.0
CC_0438,2,438,,0.0,,0.0,,0.0
CC_0439,3,439,,0.0,,0.0,,0.0
CC_0440,2,440,,0.0,,0.0,,0.0
CC_0441,2,441,,0.0,,0.0,,0.0
CC_0442,6,442,30.0,1.0,10.0,1.0,1.0,1.0
CC_0443,2,443,,0.0,17.0,1.0,0.0,1.0
CC_0444,8,444,7.0,0.5,11.0,1.0,,0.0
CC_0445,6,445,43.0,1.0,17.0,1.0,0.0,1.0
CC_0446,2,446,,0.0,,0.0,,0.0
CC_0447,2,447,,0.0,,0.0,,0.0
CC_0448,6,448,,0.0,12.0,1.0,,0.0
CC_0449,3,449,,0.0,,0.0,,0.0
CC_0450,3,450,,0.0,,0.0,,0.0
CC_0451,5,451,,0.0,,0.0,,0.0
CC_0452,2,452,,0.0,,0.0,,0.0
CC_0453,2,453,,0.0,,0.0,,0.0
CC_0454,3,454,,0.0,,0.0,,0.0
CC_0455,2,455,,0.0,,0.0,,0.0
CC_0456,6,456,,0.0,,0.0,,0.0
CC_0457,3,457,,0.0,,0.0,,0.0
CC_0458,2,458,,0.0,,0.0,,0.0
CC_0459,3,459,,0.0,,0.0,,0.0
CC_0460,2,460,,0.0,,0.0,,0.0
CC_0461,4,461,,0.0,,0.0,,0.0
CC_0462,4,462,,0.0,,0.0,,0.0
CC_0463,2,463,,0.0,,0.0,,0.0
CC_0464,4,464,,0.0,,0.0,,0.0
CC_0465,3,465,,0.0,,0.0,,0.0
CC_0466,4,466,,0.0,,0.0,,0.0
CC_0467,6,467,,0.0,,0.0,,0.0
CC_0468,2,468,,0.0,,0.0,,0.0
CC_0469,2,469,,0.0,,0.0,,0.0
CC_0470,2,470,,0.0,,0.0,,0.0
CC_0471,2,471,,0.0,2.0,1.0,,0.0
CC_0472,4,472,24.0,1.0,12.0,1.0,0.0,1.0
CC_0473,2,473,,0.0,12.0,1.0,0.0,1.0
CC_0474,7,474,15.0,1.0,17.0,1.0,0.0,1.0
CC_0475,3,475,,0.0,,0.0,,0.0
CC_0476,4,476,,0.0,9.0,1.0,,0.0
CC_0477,2,477,127.0,1.0,9.0,1.0,,0.0
CC_0478,2,478,47.0,1.0,15.0,1.0,0.0,1.0
CC_0479,2,479,,0.0,,0.0,,0.0
CC_0480,2,480,,0.0,,0.0,,0.0
CC_0481,4,481,,0.0,8.0,1.0,,0.0
CC_0482,2,482,,0.0,,0.0,,0.0
CC_0483,2,483,,0.0,,0.0,,0.0
CC_0484,3,484,,0.0,,0.0,,0.0
CC_0485,2,485,,0.0,,0.0,,0.0
CC_0486,3,486,,0.0,,0.0,,0.0
CC_0487,2,487,,0.0,,0.0,,0.0
CC_0488,2,488,,0.0,,0.0,,0.0
CC_0489,4,489,,0.0,,0.0,,0.0
CC_0490,4,490,,0.0,,0.0,,0.0
CC_0491,2,491,,0.0,,0.0,,0.0
CC_0492,4,492,,0.0,,0.0,,0.0
CC_0493,2,493,,0.0,,0.0,,0.0
CC_0494,3,494,,0.0,,0.0,,0.0
CC_0495,2,495,,0.0,,0.0,,0.0
CC_0496,2,496,,0.0,,0.0,,0.0
CC_0497,3,497,,0.0,,0.0,,0.0
CC_0498,2,498,,0.0,,0.0,,0.0
CC_0499,4,499,,0.0,,0.0,,0.0
CC_0500,3,500,,0.0,,0.0,,0.0
CC_0501,3,501,,0.0,,0.0,,0.0
CC_0502,2,502,,0.0,,0.0,,0.0
CC_0503,4,503,,0.0,,0.0,,0.0
CC_0504,4,504,,0.0,,0.0,,0.0
CC_0505,2,505,,0.0,17.0,1.0,0.0,1.0
CC_0506,2,506,,0.0,,0.0,,0.0
CC_0507,2,507,,0.0,,0.0,,0.0
CC_0508,3,508,174.0,1.0,17.0,1.0,0.0,1.0
CC_0509,4,509,87.0,1.0,8.0,1.0,,0.0
CC_0510,2,510,,0.0,,0.0,,0.0
CC_0511,2,511,,0.0,,0.0,,0.0
CC_0512,4,512,,0.0,,0.0,,0.0
CC_0513,6,513,,0.0,,0.0,,0.0
CC_0514,2,514,,0.0,,0.0,,0.0
CC_0515,2,515,,0.0,,0.0,,0.0
CC_0516,2,516,,0.0,,0.0,,0.0
CC_0517,4,517,,0.0,,0.0,,0.0
CC_0518,3,518,,0.0,,0.0,,0.0
CC_0519,7,519,,0.0,,0.0,,0.0
CC_0520,4,520,,0.0,,0.0,,0.0
CC_0521,2,521,,0.0,,0.0,,0.0
CC_0522,2,522,,0.0,,0.0,,0.0
CC_0523,2,523,,0.0,,0.0,,0.0
CC_0524,2,524,,0.0,,0.0,,0.0
CC_0525,3,525,,0.0,,0.0,,0.0
CC_0526,3,526,,0.0,,0.0,,0.0
CC_0527,4,527,,0.0,,0.0,,0.0
CC_0528,2,528,,0.0,,0.0,,0.0
CC_0529,3,529,,0.0,,0.0,,0.0
CC_0530,3,530,,0.0,,0.0,,0.0
CC_0531,2,531,,0.0,,0.0,,0.0
CC_0532,2,532,,0.0,17.0,1.0,0.0,1.0
CC_0533,2,533,,0.0,,0.0,,0.0
CC_0534,3,534,46.0,1.0,17.0,1.0,0.0,1.0
CC_0535,2,535,,0.0,,0.0,,0.0
CC_0536,3,536,,0.0,,0.0,,0.0
CC_0537,2,537,,0.0,17.0,1.0,0.0,1.0
CC_0538,3,538,,0.0,17.0,1.0,0.0,1.0
CC_0539,3,539,,0.0,11.0,1.0,,0.0
CC_0540,2,540,,0.0,,0.0,,0.0
CC_0541,2,541,,0.0,,0.0,,0.0
CC_0542,2,542,,0.0,,0.0,,0.0
CC_0543,5,543,,0.0,,0.0,,0.0
CC_0544,4,544,,0.0,,0.0,,0.0
CC_0545,5,545,,0.0,,0.0,,0.0
CC_0546,3,546,,0.0,,0.0,,0.0
CC_0547,2,547,,0.0,,0.0,,0.0
CC_0548,2,548,,0.0,,0.0,,0.0
CC_0549,3,549,,0.0,,0.0,,0.0
CC_0550,2,550,,0.0,,0.0,,0.0
CC_0551,3,551,,0.0,,0.0,,0.0
CC_0552,3,552,,0.0,,0.0,,0.0
CC_0553,3,553,,0.0,,0.0,,0.0
CC_0554,3,554,,0.0,,0.0,,0.0
CC_0555,3,555,,0.0,,0.0,,0.0
CC_0556,2,556,,0.0,,0.0,,0.0
CC_0557,2,557,,0.0,,0.0,,0.0
CC_0558,3,558,,0.0,,0.0,,0.0
CC_0559,2,559,,0.0,,0.0,,0.0
CC_0560,2,560,,0.0,,0.0,,0.0
CC_0561,2,561,,0.0,,0.0,,0.0
CC_0562,2,562,,0.0,,0.0,,0.0
CC_0563,2,563,,0.0,,0.0,,0.0
CC_0564,3,564,,0.0,,0.0,,0.0
CC_0565,2,565,,0.0,,0.0,,0.0
CC_0566,4,566,,0.0,,0.0,,0.0
CC_0567,3,567,,0.0,,0.0,,0.0
CC_0568,3,568,,0.0,,0.0,,0.0
CC_0569,3,569,,0.0,,0.0,,0.0
CC_0570,2,570,,0.0,,0.0,,0.0
CC_0571,2,571,,0.0,,0.0,,0.0
CC_0572,5,572,,0.0,12.0,1.0,0.0,1.0
CC_0573,4,573,220.0,1.0,17.0,1.0,0.0,1.0
CC_0574,2,574,,0.0,17.0,1.0,0.0,1.0
CC_0575,5,575,,0.0,12.0,1.0,0.0,1.0
CC_0576,3,576,,0.0,17.0,1.0,0.0,1.0
CC_0577,3,577,,0.0,15.0,1.0,0.0,1.0
CC_0578,3,578,118.0,1.0,15.0,1.0,0.0,1.0
CC_0579,2,579,131.0,1.0,8.0,1.0,,0.0
CC_0580,5,580,9.0,1.0,14.0,1.0,,0.0
CC_0581,2,581,,0.0,,0.0,,0.0
CC_0582,3,582,,0.0,,0.0,,0.0
CC_0583,2,583,,0.0,,0.0,0.0,1.0
CC_0584,2,584,,0.0,,0.0,,0.0
CC_0585,3,585,,0.0,,0.0,,0.0
CC_0586,2,586,,0.0,,0.0,,0.0
CC_0587,3,587,,0.0,,0.0,,0.0
CC_0588,2,588,,0.0,,0.0,,0.0
CC_0589,3,589,,0.0,,0.0,,0.0
CC_0590,3,590,,0.0,,0.0,,0.0
CC_0591,4,591,,0.0,,0.0,,0.0
CC_0592,2,592,,0.0,,0.0,,0.0
CC_0593,2,593,,0.0,,0.0,,0.0
CC_0594,3,594,,0.0,,0.0,,0.0
CC_0595,3,595,,0.0,,0.0,,0.0
CC_0596,5,596,,0.0,,0.0,,0.0
CC_0597,2,597,,0.0,,0.0,,0.0
CC_0598,2,598,,0.0,,0.0,,0.0
CC_0599,2,599,,0.0,,0.0,,0.0
CC_0600,3,600,,0.0,,0.0,,0.0
CC_0601,2,601,,0.0,,0.0,,0.0
CC_0602,2,602,,0.0,,0.0,,0.0
CC_0603,2,603,,0.0,,0.0,,0.0
CC_0604,4,604,,0.0,,0.0,,0.0
CC_0605,2,605,,0.0,,0.0,,0.0
CC_0606,2,606,,0.0,,0.0,,0.0
CC_0607,3,607,,0.0,,0.0,,0.0
CC_0608,2,608,,0.0,,0.0,,0.0
CC_0609,3,609,,0.0,,0.0,,0.0
CC_0610,2,610,,0.0,,0.0,,0.0
CC_0611,4,611,,0.0,,0.0,,0.0
CC_0612,5,612,,0.0,,0.0,,0.0
CC_0613,3,613,,0.0,,0.0,,0.0
CC_0614,2,614,,0.0,,0.0,,0.0
CC_0615,2,615,,0.0,,0.0,,0.0
CC_0616,5,616,,0.0,,0.0,,0.0
CC_0617,3,617,6.0,1.0,9.0,1.0,,0.0
CC_0618,2,618,,0.0,15.0,1.0,0.0,1.0
CC_0619,4,619,32.0,1.0,19.0,1.0,,0.0
CC_0620,3,620,,0.0,,0.0,,0.0
CC_0621,4,621,,0.0,17.0,1.0,0.0,1.0
CC_0622,2,622,107.0,1.0,8.0,1.0,,0.0
CC_0623,3,623,,0.0,,0.0,,0.0
CC_0624,4,624,10.0,1.0,18.0,1.0,,0.0
CC_0625,2,625,,0.0,,0.0,,0.0
CC_0626,4,626,249.0,1.0,15.0,0.75,0.0,1.0
CC_0627,2,627,,0.0,15.0,1.0,0.0,1.0
CC_0628,3,628,100.0,1.0,8.0,1.0,,0.0
CC_0629,3,629,,0.0,8.0,1.0,,0.0
CC_0630,2,630,,0.0,,0.0,,0.0
CC_0631,2,631,,0.0,,0.0,,0.0
CC_0632,2,632,,0.0,,0.0,,0.0
CC_0633,2,633,,0.0,,0.0,,0.0
CC_0634,2,634,,0.0,,0.0,,0.0
CC_0635,3,635,,0.0,,0.0,,0.0
CC_0636,2,636,,0.0,,0.0,,0.0
CC_0637,2,637,,0.0,,0.0,,0.0
CC_0638,2,638,,0.0,,0.0,,0.0
CC_0639,4,639,,0.0,,0.0,,0.0
CC_0640,2,640,,0.0,,0.0,,0.0
CC_0641,2,641,,0.0,,0.0,,0.0
CC_0642,3,642,,0.0,,0.0,,0.0
CC_0643,2,643,,0.0,,0.0,,0.0
CC_0644,2,644,,0.0,,0.0,,0.0
CC_0645,3,645,,0.0,,0.0,,0.0
CC_0646,3,646,,0.0,,0.0,,0.0
CC_0647,2,647,,0.0,,0.0,,0.0
CC_0648,2,648,,0.0,,0.0,,0.0
CC_0649,3,649,,0.0,,0.0,,0.0
CC_0650,2,650,,0.0,,0.0,,0.0
CC_0651,2,651,,0.0,,0.0,,0.0
CC_0652,3,652,,0.0,,0.0,,0.0
CC_0653,2,653,,0.0,,0.0,,0.0
CC_0654,3,654,,0.0,,0.0,,0.0
CC_0655,2,655,,0.0,,0.0,,0.0
CC_0656,2,656,,0.0,,0.0,,0.0
CC_0657,2,657,,0.0,,0.0,,0.0
CC_0658,2,658,,0.0,,0.0,,0.0
CC_0659,2,659,,0.0,,0.0,,0.0
CC_0660,2,660,,0.0,,0.0,,0.0
CC_0661,3,661,,0.0,,0.0,,0.0
CC_0662,2,662,,0.0,,0.0,,0.0
CC_0663,2,663,,0.0,,0.0,,0.0
CC_0664,2,664,,0.0,,0.0,,0.0
CC_0665,3,665,,0.0,,0.0,,0.0
CC_0666,2,666,,0.0,,0.0,,0.0
CC_0667,2,667,,0.0,,0.0,,0.0
CC_0668,4,668,,0.0,,0.0,,0.0
CC_0669,3,669,14.0,1.0,1.0,1.0,,0.0
CC_0670,2,670,,0.0,17.0,1.0,0.0,1.0
CC_0671,2,671,,0.0,12.0,1.0,0.0,1.0
CC_0672,2,672,,0.0,,0.0,,0.0
CC_0673,2,673,,0.0,17.0,1.0,0.0,1.0
CC_0674,2,674,155.0,1.0,17.0,1.0,0.0,1.0
CC_0675,2,675,,0.0,12.0,1.0,0.0,1.0
CC_0676,2,676,69.0,1.0,4.0,1.0,,0.0
CC_0677,2,677,,0.0,15.0,1.0,0.0,1.0
CC_0678,2,678,,0.0,8.0,1.0,,0.0
CC_0679,2,679,,0.0,17.0,1.0,0.0,1.0
CC_0680,2,680,,0.0,,0.0,,0.0
CC_0681,2,681,,0.0,,0.0,,0.0
CC_0682,3,682,253.0,1.0,8.0,1.0,,0.0
CC_0683,2,683,,0.0,8.0,1.0,,0.0
CC_0684,3,684,,0.0,8.0,1.0,,0.0
CC_0685,2,685,,0.0,,0.0,,0.0
CC_0686,2,686,,0.0,,0.0,,0.0
CC_0687,2,687,,0.0,,0.0,,0.0
CC_0688,2,688,,0.0,,0.0,,0.0
CC_0689,2,689,,0.0,,0.0,,0.0
CC_0690,2,690,,0.0,,0.0,,0.0
CC_0691,2,691,,0.0,,0.0,,0.0
CC_0692,2,692,,0.0,,0.0,,0.0
CC_0693,2,693,,0.0,,0.0,,0.0
CC_0694,2,694,,0.0,,0.0,,0.0
CC_0695,2,695,,0.0,,0.0,,0.0
CC_0696,3,696,,0.0,,0.0,,0.0
CC_0697,2,697,,0.0,,0.0,,0.0
CC_0698,2,698,,0.0,,0.0,,0.0
CC_0699,2,699,,0.0,,0.0,,0.0
CC_0700,2,700,,0.0,,0.0,,0.0
CC_0701,2,701,,0.0,,0.0,,0.0
CC_0702,2,702,,0.0,,0.0,,0.0
CC_0703,2,703,,0.0,,0.0,,0.0
CC_0704,2,704,,0.0,,0.0,,0.0
CC_0705,2,705,,0.0,,0.0,,0.0
CC_0706,2,706,,0.0,,0.0,,0.0
CC_0707,2,707,,0.0,,0.0,,0.0
CC_0708,2,708,,0.0,,0.0,,0.0
CC_0709,2,709,,0.0,,0.0,,0.0
CC_0710,2,710,,0.0,,0.0,,0.0
CC_0711,2,711,,0.0,,0.0,,0.0
CC_0712,2,712,,0.0,,0.0,,0.0
CC_0713,3,713,,0.0,,0.0,,0.0
CC_0714,2,714,,0.0,,0.0,,0.0
CC_0715,3,715,,0.0,,0.0,,0.0
CC_0716,2,716,,0.0,,0.0,,0.0
CC_0717,3,717,,0.0,,0.0,,0.0
CC_0718,2,718,,0.0,,0.0,,0.0
CC_0719,3,719,,0.0,,0.0,,0.0
CC_0720,2,720,,0.0,,0.0,,0.0
CC_0721,2,721,,0.0,,0.0,,0.0
CC_0722,2,722,,0.0,,0.0,,0.0
CC_0723,2,723,,0.0,,0.0,,0.0
CC_0724,3,724,,0.0,,0.0,,0.0
CC_0725,3,725,,0.0,,0.0,,0.0
CC_0726,3,726,,0.0,,0.0,,0.0
CC_0727,2,727,,0.0,,0.0,,0.0
CC_0728,2,728,,0.0,,0.0,,0.0
CC_0729,3,729,,0.0,,0.0,,0.0
CC_0730,2,730,,0.0,,0.0,,0.0
CC_0731,3,731,,0.0,,0.0,,0.0
CC_0732,2,732,,0.0,,0.0,,0.0
CC_0733,2,733,,0.0,,0.0,,0.0
CC_0734,2,734,,0.0,,0.0,,0.0
CC_0735,2,735,17.0,0.5,12.0,1.0,0.0,1.0
CC_0736,2,736,117.0,1.0,17.0,1.0,0.0,1.0
CC_0737,2,737,,0.0,12.0,1.0,0.0,1.0
CC_0738,2,738,,0.0,11.0,1.0,,0.0
CC_0739,2,739,156.0,1.0,12.0,1.0,0.0,1.0
CC_0740,2,740,,0.0,,0.0,,0.0
CC_0741,2,741,,0.0,17.0,1.0,0.0,1.0
CC_0742,2,742,,0.0,12.0,1.0,0.0,1.0
CC_0743,2,743,,0.0,,0.0,,0.0
CC_0744,2,744,154.0,1.0,17.0,1.0,0.0,1.0
CC_0745,2,745,170.0,1.0,17.0,1.0,0.0,1.0
CC_0746,2,746,97.0,1.0,6.0,1.0,,0.0
CC_0747,2,747,,0.0,17.0,1.0,0.0,1.0
CC_0748,2,748,13.0,1.0,21.0,1.0,,0.0
CC_0749,2,749,,0.0,12.0,1.0,0.0,1.0
CC_0750,2,750,95.0,1.0,18.0,1.0,,0.0
CC_0751,2,751,158.0,1.0,17.0,1.0,0.0,1.0
CC_0752,2,752,204.0,1.0,8.0,1.0,,0.0
CC_0753,2,753,,0.0,,0.0,,0.0
CC_0754,2,754,,0.0,,0.0,,0.0
CC_0755,2,755,,0.0,,0.0,,0.0
CC_0756,2,756,,0.0,,0.0,,0.0
CC_0757,2,757,,0.0,,0.0,,0.0
CC_0758,2,758,,0.0,,0.0,,0.0
CC_0759,2,759,,0.0,,0.0,,0.0
CC_0760,2,760,,0.0,,0.0,,0.0
CC_0761,2,761,,0.0,,0.0,,0.0
CC_0762,2,762,,0.0,,0.0,,0.0
CC_0763,2,763,,0.0,,0.0,,0.0
CC_0764,2,764,,0.0,,0.0,,0.0
CC_0765,2,765,,0.0,,0.0,,0.0
CC_0766,2,766,,0.0,,0.0,,0.0
CC_0767,6,767,,0.0,,0.0,,0.0
CC_0768,2,768,,0.0,,0.0,,0.0
CC_0769,2,769,,0.0,,0.0,,0.0
CC_0770,2,770,,0.0,,0.0,,0.0
CC_0771,2,771,,0.0,,0.0,,0.0
CC_0772,2,772,,0.0,,0.0,,0.0
CC_0773,2,773,,0.0,,0.0,,0.0
CC_0774,2,774,,0.0,,0.0,,0.0
CC_0775,2,775,,0.0,,0.0,,0.0
CC_0776,2,776,,0.0,,0.0,,0.0
CC_0777,2,777,,0.0,,0.0,,0.0
CC_0778,2,778,,0.0,,0.0,,0.0
CC_0779,2,779,,0.0,,0.0,,0.0
CC_0780,2,780,,0.0,,0.0,,0.0
CC_0781,2,781,,0.0,,0.0,,0.0
CC_0782,2,782,,0.0,,0.0,,0.0
CC_0783,2,783,,0.0,,0.0,,0.0
CC_0784,2,784,,0.0,,0.0,,0.0
CC_0785,2,785,,0.0,,0.0,,0.0
CC_0786,2,786,,0.0,,0.0,,0.0
CC_0787,2,787,,0.0,,0.0,,0.0
CC_0788,2,788,,0.0,,0.0,,0.0
CC_0789,2,789,,0.0,,0.0,,0.0
CC_0790,2,790,,0.0,,0.0,,0.0
CC_0791,2,791,,0.0,,0.0,,0.0
CC_0792,2,792,,0.0,,0.0,,0.0
CC_0793,2,793,,0.0,,0.0,,0.0
CC_0794,2,794,,0.0,,0.0,,0.0
CC_0795,2,795,,0.0,,0.0,,0.0
CC_0796,2,796,,0.0,,0.0,,0.0
CC_0797,2,797,,0.0,,0.0,,0.0
CC_0798,2,798,,0.0,,0.0,,0.0
CC_0799,2,799,,0.0,,0.0,,0.0
CC_0800,2,800,,0.0,,0.0,,0.0
CC_0801,3,801,,0.0,,0.0,,0.0
CC_0802,2,802,,0.0,,0.0,,0.0
CC_0803,2,803,,0.0,,0.0,,0.0
CC_0804,2,804,,0.0,,0.0,,0.0
CC_0805,2,805,,0.0,,0.0,,0.0
CC_0806,2,806,,0.0,,0.0,,0.0
CC_0807,2,807,,0.0,,0.0,,0.0
CC_0808,2,808,,0.0,,0.0,,0.0
CC_0809,2,809,,0.0,,0.0,,0.0
CC_0810,2,810,,0.0,,0.0,,0.0
CC_0811,2,811,,0.0,,0.0,,0.0
CC_0812,2,812,,0.0,,0.0,,0.0
CC_0813,2,813,,0.0,,0.0,,0.0
CC_0814,2,814,,0.0,,0.0,,0.0
CC_0815,2,815,,0.0,,0.0,,0.0
CC_0816,2,816,,0.0,,0.0,,0.0
CC_0817,2,817,,0.0,,0.0,,0.0
CC_0818,2,818,,0.0,,0.0,,0.0
CC_0819,2,819,,0.0,,0.0,,0.0
CC_0820,2,820,,0.0,,0.0,,0.0
CC_0821,2,821,,0.0,,0.0,,0.0
CC_0822,2,822,,0.0,,0.0,,0.0
CC_0823,2,823,,0.0,,0.0,,0.0
CC_0824,2,824,,0.0,,0.0,,0.0
CC_0825,2,825,,0.0,,0.0,,0.0
CC_0826,2,826,,0.0,,0.0,,0.0
CC_0827,2,827,,0.0,,0.0,,0.0
CC_0828,2,828,,0.0,,0.0,,0.0
CC_0829,2,829,,0.0,,0.0,,0.0
CC_0830,2,830,,0.0,,0.0,,0.0
CC_0831,2,831,,0.0,,0.0,,0.0
CC_0832,2,832,,0.0,,0.0,,0.0
CC_0833,2,833,,0.0,,0.0,,0.0
CC_0834,2,834,,0.0,,0.0,,0.0
CC_0835,2,835,,0.0,,0.0,,0.0
CC_0836,2,836,,0.0,,0.0,,0.0
CC_0837,2,837,,0.0,,0.0,,0.0
